"Product no"|"Structure group identifier"|"Brand"
"Fastighet_1376556218862"|"14652000"|"DEMERX"
"Fastighet_1376556218863"|"14652000"|"DEMERX"
"Fastighet_1376556218872"|"14652000"|"DEMERX"
"Fastighet_1376556218865"|"14652000"|"DEMERX"
"Fastighet_1376556218866"|"14652000"|"DEMERX"
"Fastighet_1376556218867"|"14652000"|"DEMERX"
"Fastighet_1376556218868"|"14652000"|"DEMERX"
"Fastighet_1376556218869"|"14652000"|"DEMERX"
"Fastighet_1376556218859"|"14652000"|"DEMERX"
"Fastighet_1376556218870"|"14652000"|"DEMERX"
"Fastighet_1376556218860"|"14652000"|"DEMERX"
"Fastighet_1376556218871"|"14652000"|"DEMERX"
"Fastighet_1376556218861"|"14652000"|"DEMERX"
"VVS_1304406544847"|"73148000"|"TRIO PERFEKTA"
"VVS_1305114230270"|"1463645686881"|"ALTERNA"
"VVS_1308146137242"|"43480000"|"FMM"
"VVS_1317650915369"|"1463645686881"|"ALTERNA"
"VVS_1317631869849"|"1463645686881"|"ALTERNA"
"VVS_1319196411170"|"24600500"|"GROHE SVERIGE"
"VVS_1319196411172"|"24600500"|"GROHE SVERIGE"
"VVS_1317631869855"|"1463645686881"|"ALTERNA"
"VVS_1308821499730"|"25242000"|"GUSTAVSBERG/VÅRGÅRDA"
"VVS_1304402517019"|"43480000"|"FMM"
"VVS_1322487368634"|"28498000"|"HOLMDAL S & CO"
"VVS_1317388637260"|"1463645686881"|"ALTERNA"
"VVS_1322487368639"|"28498000"|"HOLMDAL S & CO"
"VVS_1317388637261"|"1463645686881"|"ALTERNA"
"VVS_1317636723892"|"1463645686881"|"ALTERNA"
"VVS_1322487368651"|"28498000"|"HOLMDAL S & CO"
"VVS_1317388637262"|"1463645686881"|"ALTERNA"
"VVS_1317636723906"|"1463645686881"|"ALTERNA"
"VVS_1319182772687"|"45000000"|"MORA"
"VVS_1321265897368"|"55150000"|"REBASE"
"VVS_1317639377724"|"1463645686881"|"ALTERNA"
"VVS_1321893667492"|"43480000"|"FMM"
"VVS_1319182772690"|"24600500"|"GROHE SVERIGE"
"VVS_1322645487409"|"25242000"|"GUSTAVSBERG/VÅRGÅRDA"
"VVS_1321518065802"|"1463645686881"|"ALTERNA"
"VVS_1322487368633"|"28498000"|"HOLMDAL S & CO"
"VVS_1324383186572"|"07580000"|"BEULCO"
"VVS_1324383186573"|"07580000"|"BEULCO"
"VVS_1325669695429"|"1463645686881"|"ALTERNA"
"VVS_1325681742235"|"1463645686881"|"ALTERNA"
"VVS_1325084604817"|"1463645686881"|"ALTERNA"
"VVS_1325084604818"|"1463645686881"|"ALTERNA"
"VVS_1327583884609"|"43480000"|"FMM"
"VVS_1328034088768"|"30760200"|"IFÖ"
"VVS_1327585145431"|"43480000"|"FMM"
"VVS_1327585145436"|"45000000"|"MORA"
"VVS_1328777420515"|"25242000"|"GUSTAVSBERG/VÅRGÅRDA"
"VVS_1328782749709"|"25242000"|"GUSTAVSBERG/VÅRGÅRDA"
"VVS_1328867062682"|"51360300"|"ORAS"
"VVS_1328861629986"|"51360300"|"ORAS"
"VVS_1328868162425"|"51360300"|"ORAS"
"VVS_1329306238539"|"51360300"|"ORAS"
"VVS_1328777420504"|"25242000"|"GUSTAVSBERG/VÅRGÅRDA"
"VVS_1329294135526"|"51360300"|"ORAS"
"VVS_1328868162430"|"51360300"|"ORAS"
"VVS_1329306434481"|"51360300"|"ORAS"
"VVS_1329826251955"|"1463645686881"|"ALTERNA"
"VVS_1329294135533"|"51360300"|"ORAS"
"VVS_1329895913718"|"43480000"|"FMM"
"VVS_1328868162436"|"51360300"|"ORAS"
"VVS_1329311092664"|"51360300"|"ORAS"
"VVS_1329829238881"|"1463645686881"|"ALTERNA"
"VVS_1329294135537"|"51360300"|"ORAS"
"VVS_1329992963112"|"43480000"|"FMM"
"VVS_1328874802075"|"51360300"|"ORAS"
"VVS_1329311092669"|"51360300"|"ORAS"
"VVS_1329829238884"|"1463645686881"|"ALTERNA"
"VVS_1329998910779"|"43480000"|"FMM"
"VVS_1329294135540"|"51360300"|"ORAS"
"VVS_1329312391200"|"51360300"|"ORAS"
"VVS_1328874802082"|"51360300"|"ORAS"
"VVS_1329836430160"|"1463645686881"|"ALTERNA"
"VVS_1330430674311"|"41125000"|"LK KONSULT"
"VVS_1329299796331"|"51360300"|"ORAS"
"VVS_1329899185064"|"1463645686882"|"ALTECH"
"VVS_1329312391203"|"51360300"|"ORAS"
"VVS_1329219512470"|"51360300"|"ORAS"
"VVS_1329312969407"|"51360300"|"ORAS"
"VVS_1330668584194"|"54315000"|"PROTITE"
"VVS_1330072295438"|"43480000"|"FMM"
"VVS_1329312969414"|"51360300"|"ORAS"
"VVS_1330668584195"|"54315000"|"PROTITE"
"VVS_1329724978382"|"24597000"|"HANSGROHE"
"VVS_1331283693652"|"25242000"|"GUSTAVSBERG/VÅRGÅRDA"
"VVS_1329983619422"|"1463645686881"|"ALTERNA"
"VVS_1330675228749"|"45000000"|"MORA"
"VVS_1330328660242"|"1463645686881"|"ALTERNA"
"VVS_1331293010459"|"25242000"|"GUSTAVSBERG/VÅRGÅRDA"
"VVS_1329983619425"|"1463645686881"|"ALTERNA"
"VVS_1330668584185"|"58580500"|"CAPSEAL"
"VVS_1331294730448"|"25242000"|"GUSTAVSBERG/VÅRGÅRDA"
"VVS_1330334146159"|"51360300"|"ORAS"
"VVS_1331297244242"|"25242000"|"GUSTAVSBERG/VÅRGÅRDA"
"VVS_1331297413795"|"25242000"|"GUSTAVSBERG/VÅRGÅRDA"
"VVS_1331887746673"|"25242000"|"GUSTAVSBERG/VÅRGÅRDA"
"VVS_1332419303080"|"24597000"|"HANSGROHE"
"VVS_1332419523225"|"24597000"|"HANSGROHE"
"VVS_1334127409209"|"64878000"|"STOSETT"
"VVS_1334220639650"|"1463645686881"|"ALTERNA"
"VVS_1334128749138"|"1463645686881"|"ALTERNA"
"VVS_1334220639653"|"1463645686881"|"ALTERNA"
"VVS_1334300247631"|"1463645686881"|"ALTERNA"
"VVS_1334221587835"|"45000000"|"MORA"
"VVS_1334748444093"|"51360300"|"ORAS"
"VVS_1333096857409"|"45000000"|"MORA"
"VVS_1333363603919"|"45000000"|"MORA"
"VVS_1334753846158"|"19040000"|"EZZE"
"VVS_1334663646964"|"25242000"|"GUSTAVSBERG/VÅRGÅRDA"
"VVS_1333363603922"|"45000000"|"MORA"
"VVS_1334236425078"|"35540000"|"KGC VERKTYG O MASKINER"
"VVS_1334214597927"|"1463645686881"|"ALTERNA"
"VVS_1334308574982"|"14980000"|"DURAVIT"
"VVS_1334236425083"|"45000000"|"MORA"
"VVS_1334913330800"|"1463645686881"|"ALTERNA"
"VVS_1334214597935"|"1463645686881"|"ALTERNA"
"VVS_1334838922571"|"43480000"|"FMM"
"VVS_1334908520751"|"45000000"|"MORA"
"VVS_1334823012819"|"45000000"|"MORA"
"VVS_1334308574983"|"14980000"|"DURAVIT"
"VVS_1335173370291"|"43480000"|"FMM"
"VVS_1334236425088"|"24600500"|"GROHE SVERIGE"
"VVS_1334839095881"|"45000000"|"MORA"
"VVS_1334913330801"|"1463645686881"|"ALTERNA"
"VVS_1334908520754"|"45000000"|"MORA"
"VVS_1335163438367"|"24600500"|"GROHE SVERIGE"
"VVS_1334823236673"|"43480000"|"FMM"
"VVS_1334650450809"|"1463645686881"|"ALTERNA"
"VVS_1334308574984"|"14980000"|"DURAVIT"
"VVS_1335173370293"|"43480000"|"FMM"
"VVS_1334735918984"|"1463645686881"|"ALTERNA"
"VVS_1334236425089"|"73148000"|"TRIO PERFEKTA"
"VVS_1334908520757"|"24600500"|"GROHE SVERIGE"
"VVS_1335163438371"|"24600500"|"GROHE SVERIGE"
"VVS_1334827372644"|"43480000"|"FMM"
"VVS_1334308574985"|"14980000"|"DURAVIT"
"VVS_1335173370300"|"14980000"|"DURAVIT"
"VVS_1334846699395"|"25242000"|"GUSTAVSBERG/VÅRGÅRDA"
"VVS_1334908520758"|"24600500"|"GROHE SVERIGE"
"VVS_1334827372649"|"45000000"|"MORA"
"VVS_1335173370323"|"14980000"|"DURAVIT"
"VVS_1334743724292"|"43480000"|"FMM"
"VVS_1335253955479"|"25242000"|"GUSTAVSBERG/VÅRGÅRDA"
"VVS_1334846699400"|"24597000"|"HANSGROHE"
"VVS_1334908520763"|"24600500"|"GROHE SVERIGE"
"VVS_1335166241462"|"24600500"|"GROHE SVERIGE"
"VVS_1334835560451"|"45000000"|"MORA"
"VVS_1335173370338"|"14980000"|"DURAVIT"
"VVS_1335166241466"|"24600500"|"GROHE SVERIGE"
"VVS_1335513007784"|"43480000"|"FMM"
"VVS_1335173370345"|"14980000"|"DURAVIT"
"VVS_1335773986049"|"51360300"|"ORAS"
"VVS_1335169779275"|"24600500"|"GROHE SVERIGE"
"VVS_1335513007794"|"43480000"|"FMM"
"VVS_1335253232183"|"24600500"|"GROHE SVERIGE"
"VVS_1334913330784"|"45000000"|"MORA"
"VVS_1335173370355"|"14980000"|"DURAVIT"
"VVS_1335169779278"|"51360300"|"ORAS"
"VVS_1335253232186"|"24600500"|"GROHE SVERIGE"
"VVS_1334913330787"|"43480000"|"FMM"
"VVS_1335782988669"|"51360300"|"ORAS"
"VVS_1335773986059"|"51360300"|"ORAS"
"VVS_1335785390390"|"51360300"|"ORAS"
"VVS_1335341996137"|"24600500"|"GROHE SVERIGE"
"VVS_1335173370289"|"43480000"|"FMM"
"VVS_1335792929711"|"51360300"|"ORAS"
"VVS_1335785390393"|"51360300"|"ORAS"
"VVS_1335948037309"|"24600500"|"GROHE SVERIGE"
"VVS_1335341996140"|"24600500"|"GROHE SVERIGE"
"VVS_1335776052046"|"51360300"|"ORAS"
"VVS_1336044355173"|"43480000"|"FMM"
"VVS_1335792929716"|"51360300"|"ORAS"
"VVS_1335785390397"|"51360300"|"ORAS"
"VVS_1336126815675"|"51360300"|"ORAS"
"VVS_1335776804944"|"51360300"|"ORAS"
"VVS_1336044355181"|"43480000"|"FMM"
"VVS_1335792929717"|"51360300"|"ORAS"
"VVS_1335785390398"|"51360300"|"ORAS"
"VVS_1335345684264"|"24600500"|"GROHE SVERIGE"
"VVS_1336126815681"|"51360300"|"ORAS"
"VVS_1335963530928"|"51360300"|"ORAS"
"VVS_1336050360642"|"43480000"|"FMM"
"VVS_1335792929718"|"51360300"|"ORAS"
"VVS_1335788731916"|"51360300"|"ORAS"
"VVS_1336389058213"|"51360300"|"ORAS"
"VVS_1336130783253"|"51360300"|"ORAS"
"VVS_1335948037323"|"43480000"|"FMM"
"VVS_1336126815690"|"51360300"|"ORAS"
"VVS_1335966254414"|"51360300"|"ORAS"
"VVS_1336051963212"|"51360300"|"ORAS"
"VVS_1335792929703"|"51360300"|"ORAS"
"VVS_1335944120749"|"24600500"|"GROHE SVERIGE"
"VVS_1335954737596"|"43480000"|"FMM"
"VVS_1336130783255"|"51360300"|"ORAS"
"VVS_1336389058215"|"51360300"|"ORAS"
"VVS_1336126815691"|"51360300"|"ORAS"
"VVS_1336041102630"|"51360300"|"ORAS"
"VVS_1336118974276"|"51360300"|"ORAS"
"VVS_1335792929705"|"51360300"|"ORAS"
"VVS_1335944120780"|"24600500"|"GROHE SVERIGE"
"VVS_1336142947253"|"51360300"|"ORAS"
"VVS_1335954737598"|"51360300"|"ORAS"
"VVS_1336130783225"|"51360300"|"ORAS"
"VVS_1336390583300"|"51360300"|"ORAS"
"VVS_1336118974280"|"51360300"|"ORAS"
"VVS_1335954737600"|"51360300"|"ORAS"
"VVS_1336142947255"|"51360300"|"ORAS"
"VVS_1336130783226"|"51360300"|"ORAS"
"VVS_1336041102634"|"51360300"|"ORAS"
"VVS_1336391185495"|"51360300"|"ORAS"
"VVS_1336118974283"|"51360300"|"ORAS"
"VVS_1335954737603"|"51360300"|"ORAS"
"VVS_1336372055994"|"51360300"|"ORAS"
"VVS_1336130783231"|"51360300"|"ORAS"
"VVS_1336118974287"|"51360300"|"ORAS"
"VVS_1336372055999"|"51360300"|"ORAS"
"VVS_1336392030532"|"51360300"|"ORAS"
"VVS_1336130783234"|"51360300"|"ORAS"
"VVS_1335954737605"|"51360300"|"ORAS"
"VVS_1336041102641"|"51360300"|"ORAS"
"VVS_1336118974290"|"51360300"|"ORAS"
"VVS_1335948037308"|"24600500"|"GROHE SVERIGE"
"VVS_1336372056000"|"51360300"|"ORAS"
"VVS_1336130783236"|"51360300"|"ORAS"
"VVS_1336126815673"|"51360300"|"ORAS"
"VVS_1336130783250"|"51360300"|"ORAS"
"VVS_1336743849960"|"1463645686881"|"ALTERNA"
"VVS_1337164616376"|"43480000"|"FMM"
"VVS_1337164616379"|"43480000"|"FMM"
"VVS_1336576134540"|"25242000"|"GUSTAVSBERG/VÅRGÅRDA"
"VVS_1337170401824"|"43480000"|"FMM"
"VVS_1337603922638"|"25242000"|"GUSTAVSBERG/VÅRGÅRDA"
"VVS_1337589985399"|"25242000"|"GUSTAVSBERG/VÅRGÅRDA"
"VVS_1337170401825"|"43480000"|"FMM"
"VVS_1337167132356"|"43480000"|"FMM"
"VVS_1337595980984"|"25242000"|"GUSTAVSBERG/VÅRGÅRDA"
"VVS_1337171420163"|"43480000"|"FMM"
"VVS_1337167132358"|"43480000"|"FMM"
"VVS_1337761847535"|"1463645686881"|"ALTERNA"
"VVS_1337595980989"|"25242000"|"GUSTAVSBERG/VÅRGÅRDA"
"VVS_1337173722406"|"43480000"|"FMM"
"VVS_1337761847536"|"1463645686881"|"ALTERNA"
"VVS_1337600855175"|"25242000"|"GUSTAVSBERG/VÅRGÅRDA"
"VVS_1337761847537"|"1463645686881"|"ALTERNA"
"VVS_1337173722409"|"43480000"|"FMM"
"VVS_1337600855178"|"25242000"|"GUSTAVSBERG/VÅRGÅRDA"
"VVS_1337600855182"|"25242000"|"GUSTAVSBERG/VÅRGÅRDA"
"VVS_1337603922633"|"25242000"|"GUSTAVSBERG/VÅRGÅRDA"
"VVS_1338817834741"|"1463645686881"|"ALTERNA"
"VVS_1338791831145"|"51360300"|"ORAS"
"VVS_1341380564685"|"43480000"|"FMM"
"VVS_1341380564690"|"43480000"|"FMM"
"VVS_1343200577817"|"24600500"|"GROHE SVERIGE"
"VVS_1345022014467"|"73148000"|"TRIO PERFEKTA"
"VVS_1343205374012"|"25242000"|"GUSTAVSBERG/VÅRGÅRDA"
"VVS_1345022014468"|"73148000"|"TRIO PERFEKTA"
"VVS_1343206756684"|"25242000"|"GUSTAVSBERG/VÅRGÅRDA"
"VVS_1343207810981"|"43480000"|"FMM"
"VVS_1347273831083"|"24600500"|"GROHE SVERIGE"
"VVS_1344584036181"|"1463645686882"|"ALTECH"
"VVS_1347276317148"|"24600500"|"GROHE SVERIGE"
"VVS_1345791126127"|"45000000"|"MORA"
"VVS_1347276904481"|"24600500"|"GROHE SVERIGE"
"VVS_1345791126128"|"45000000"|"MORA"
"VVS_1347346524329"|"51710001"|"CUPORI"
"VVS_1346676488690"|"43480000"|"FMM"
"VVS_1346138228509"|"24597000"|"HANSGROHE"
"VVS_1351082844151"|"43480000"|"FMM"
"VVS_1351060381493"|"25242000"|"GUSTAVSBERG/VÅRGÅRDA"
"VVS_1349685063493"|"43394500"|"M&M DESIGN 4 BATH"
"VVS_1353404076351"|"45000000"|"MORA"
"VVS_1353578057492"|"25242000"|"GUSTAVSBERG/VÅRGÅRDA"
"VVS_1351588935054"|"25242000"|"GUSTAVSBERG/VÅRGÅRDA"
"VVS_1351677389841"|"24600500"|"GROHE SVERIGE"
"VVS_1353425787793"|"45000000"|"MORA"
"VVS_1354018347652"|"45000000"|"MORA"
"VVS_1353579341544"|"25242000"|"GUSTAVSBERG/VÅRGÅRDA"
"VVS_1354008227232"|"45000000"|"MORA"
"VVS_1354025554486"|"45000000"|"MORA"
"VVS_1353670059753"|"51360300"|"ORAS"
"VVS_1353506847495"|"45000000"|"MORA"
"VVS_1354010511695"|"45000000"|"MORA"
"VVS_1354094790364"|"45000000"|"MORA"
"VVS_1354029397730"|"45000000"|"MORA"
"VVS_1354021025002"|"45000000"|"MORA"
"VVS_1353575406973"|"25242000"|"GUSTAVSBERG/VÅRGÅRDA"
"VVS_1353670311405"|"51360300"|"ORAS"
"VVS_1354091179342"|"45000000"|"MORA"
"VVS_1354095311136"|"45000000"|"MORA"
"VVS_1352204427898"|"51360300"|"ORAS"
"VVS_1354021025009"|"45000000"|"MORA"
"VVS_1353670311414"|"51360300"|"ORAS"
"VVS_1353576013238"|"25242000"|"GUSTAVSBERG/VÅRGÅRDA"
"VVS_1354095600688"|"45000000"|"MORA"
"VVS_1354091346313"|"45000000"|"MORA"
"VVS_1354011380623"|"45000000"|"MORA"
"VVS_1352204427899"|"51360300"|"ORAS"
"VVS_1354022979406"|"45000000"|"MORA"
"VVS_1353576298132"|"25242000"|"GUSTAVSBERG/VÅRGÅRDA"
"VVS_1354095987997"|"45000000"|"MORA"
"VVS_1354011797984"|"45000000"|"MORA"
"VVS_1354091346314"|"45000000"|"MORA"
"VVS_1354023692381"|"45000000"|"MORA"
"VVS_1352204427900"|"51360300"|"ORAS"
"VVS_1354012266762"|"45000000"|"MORA"
"VVS_1354096453668"|"45000000"|"MORA"
"VVS_1354024654360"|"45000000"|"MORA"
"VVS_1354092578856"|"45000000"|"MORA"
"VVS_1354018347644"|"45000000"|"MORA"
"VVS_1354097015390"|"45000000"|"MORA"
"VVS_1354093107765"|"45000000"|"MORA"
"VVS_1354024654365"|"45000000"|"MORA"
"VVS_1353676813299"|"45000000"|"MORA"
"VVS_1353404076350"|"45000000"|"MORA"
"VVS_1354097299916"|"1463645686881"|"ALTERNA"
"VVS_1354018347651"|"45000000"|"MORA"
"VVS_1354093418371"|"45000000"|"MORA"
"VVS_1354025554481"|"45000000"|"MORA"
"VVS_1355726598928"|"25242000"|"GUSTAVSBERG/VÅRGÅRDA"
"VVS_1354097299917"|"1463645686881"|"ALTERNA"
"VVS_1354093418376"|"45000000"|"MORA"
"VVS_1354094038718"|"45000000"|"MORA"
"VVS_1357112690991"|"43480000"|"FMM"
"VVS_1356067580351"|"1463645686882"|"ALTECH"
"VVS_1356686065684"|"43480000"|"FMM"
"VVS_1357219638748"|"73700000"|"TYLÖ"
"VVS_1357112690969"|"43480000"|"FMM"
"VVS_1357112690973"|"43480000"|"FMM"
"VVS_1357114015460"|"45000000"|"MORA"
"VVS_1357887211141"|"24600500"|"GROHE SVERIGE"
"VVS_1357112690985"|"43480000"|"FMM"
"VVS_1357651976545"|"14980000"|"DURAVIT"
"VVS_1358338660870"|"07580000"|"BEULCO"
"VVS_1357651976550"|"14980000"|"DURAVIT"
"VVS_1357810257114"|"32250000"|"UNIDRAIN"
"VVS_1358499037353"|"52260000"|"PAX ELECTRO PRODUCTS"
"VVS_1357651976555"|"14980000"|"DURAVIT"
"VVS_1357812695665"|"1463645686882"|"ALTECH"
"VVS_1358499037354"|"52260000"|"PAX ELECTRO PRODUCTS"
"VVS_1357812695666"|"1463645686882"|"ALTECH"
"VVS_1357812695670"|"24600500"|"GROHE SVERIGE"
"VVS_1360747480675"|"45000000"|"MORA"
"VVS_1361178123265"|"1463645686881"|"ALTERNA"
"VVS_1361178123271"|"1463645686881"|"ALTERNA"
"VVS_1358338660868"|"07580000"|"BEULCO"
"VVS_1361178123275"|"1463645686881"|"ALTERNA"
"VVS_1358499037351"|"52260000"|"PAX ELECTRO PRODUCTS"
"VVS_1358338660869"|"07580000"|"BEULCO"
"VVS_1361178123276"|"1463645686881"|"ALTERNA"
"VVS_1358499037352"|"52260000"|"PAX ELECTRO PRODUCTS"
"VVS_1361197124751"|"1463645686881"|"ALTERNA"
"VVS_1358936383654"|"14980000"|"DURAVIT"
"VVS_1361178123284"|"1463645686881"|"ALTERNA"
"VVS_1361262254818"|"24600500"|"GROHE SVERIGE"
"VVS_1361526493162"|"43480000"|"FMM"
"VVS_1361178123288"|"1463645686881"|"ALTERNA"
"VVS_1360747480670"|"45000000"|"MORA"
"VVS_1361178123244"|"45000000"|"MORA"
"VVS_1361197124734"|"1463645686881"|"ALTERNA"
"VVS_1361197124738"|"1463645686881"|"ALTERNA"
"VVS_1361178123253"|"04840600"|"ARROW SKANDINAVIEN"
"VVS_1361965820740"|"24600500"|"GROHE SVERIGE"
"VVS_1361197124742"|"1463645686881"|"ALTERNA"
"VVS_1361778393083"|"1463645686881"|"ALTERNA"
"VVS_1362490547821"|"45000000"|"MORA"
"VVS_1361178123259"|"1463645686881"|"ALTERNA"
"VVS_1361197124746"|"1463645686881"|"ALTERNA"
"VVS_1361778393084"|"1463645686881"|"ALTERNA"
"VVS_1362986027081"|"43480000"|"FMM"
"VVS_1363075427703"|"1463645686881"|"ALTERNA"
"VVS_1363703188629"|"30760200"|"IFÖ"
"VVS_1363703188639"|"30760200"|"IFÖ"
"VVS_1363703188630"|"30760200"|"IFÖ"
"VVS_1363703188640"|"30760200"|"IFÖ"
"VVS_1363703188631"|"30760200"|"IFÖ"
"VVS_1363075427701"|"1463645686881"|"ALTERNA"
"VVS_1363703188641"|"30760200"|"IFÖ"
"VVS_1362986027080"|"43480000"|"FMM"
"VVS_1363703188632"|"30760200"|"IFÖ"
"VVS_1363075427702"|"1463645686881"|"ALTERNA"
"VVS_1363703188642"|"30760200"|"IFÖ"
"VVS_1363589725849"|"43480000"|"FMM"
"VVS_1363703188635"|"30760200"|"IFÖ"
"VVS_1363703188628"|"30760200"|"IFÖ"
"VVS_1363703188637"|"30760200"|"IFÖ"
"VVS_1363703188638"|"30760200"|"IFÖ"
"VVS_1366110634260"|"1463645686881"|"ALTERNA"
"VVS_1366267177176"|"43480000"|"FMM"
"VVS_1366267177177"|"43480000"|"FMM"
"VVS_1366110634262"|"1463645686881"|"ALTERNA"
"VVS_1366613019426"|"45000000"|"MORA"
"VVS_1366267177178"|"1463645686881"|"ALTERNA"
"VVS_1366110634263"|"43480000"|"FMM"
"VVS_1366613019427"|"45000000"|"MORA"
"VVS_1366267177179"|"45000000"|"MORA"
"VVS_1366111859155"|"1463645686881"|"ALTERNA"
"VVS_1366267177180"|"43480000"|"FMM"
"VVS_1366111859156"|"1463645686881"|"ALTERNA"
"VVS_1366267177181"|"43480000"|"FMM"
"VVS_1365072851981"|"1463645686881"|"ALTERNA"
"VVS_1366617731498"|"45000000"|"MORA"
"VVS_1366617731505"|"43480000"|"FMM"
"VVS_1366267177182"|"43480000"|"FMM"
"VVS_1366617731499"|"45000000"|"MORA"
"VVS_1366617731506"|"25242000"|"GUSTAVSBERG/VÅRGÅRDA"
"VVS_1366267177183"|"45000000"|"MORA"
"VVS_1366617731500"|"43480000"|"FMM"
"VVS_1366267177173"|"45000000"|"MORA"
"VVS_1366617731507"|"51360300"|"ORAS"
"VVS_1366617731501"|"43480000"|"FMM"
"VVS_1366267177174"|"45000000"|"MORA"
"VVS_1366617731508"|"45000000"|"MORA"
"VVS_1366110634259"|"1463645686881"|"ALTERNA"
"VVS_1366617731502"|"45000000"|"MORA"
"VVS_1366267177175"|"43480000"|"FMM"
"VVS_1369375448252"|"1463645686882"|"ALTECH"
"VVS_1369375448253"|"1463645686882"|"ALTECH"
"VVS_1369740730921"|"43394500"|"M&M DESIGN 4 BATH"
"VVS_1371495715438"|"10062000"|"BROEN"
"VVS_1371495715439"|"10062000"|"BROEN"
"VVS_1371495715440"|"10062000"|"BROEN"
"VVS_1373876132372"|"51360300"|"ORAS"
"VVS_1373876132373"|"51360300"|"ORAS"
"VVS_1373876132374"|"51360300"|"ORAS"
"VVS_1371541203978"|"07580000"|"BEULCO"
"VVS_1373876132375"|"51360300"|"ORAS"
"VVS_1373963199582"|"25241500"|"GUSTAVSBERG"
"VVS_1373963199590"|"25241500"|"GUSTAVSBERG"
"VVS_1373876132376"|"51360300"|"ORAS"
"VVS_1373963199583"|"25241500"|"GUSTAVSBERG"
"VVS_1374475787462"|"1463645686881"|"ALTERNA"
"VVS_1373876132377"|"51360300"|"ORAS"
"VVS_1373963199584"|"25241500"|"GUSTAVSBERG"
"VVS_1373963199592"|"25241500"|"GUSTAVSBERG"
"VVS_1374475787463"|"1463645686881"|"ALTERNA"
"VVS_1377506197669"|"24600500"|"GROHE SVERIGE"
"VVS_1373876132378"|"51360300"|"ORAS"
"VVS_1373963199585"|"25241500"|"GUSTAVSBERG"
"VVS_1373963199586"|"25241500"|"GUSTAVSBERG"
"VVS_1374475829854"|"24600500"|"GROHE SVERIGE"
"VVS_1373963199587"|"25241500"|"GUSTAVSBERG"
"VVS_1374475829855"|"24600500"|"GROHE SVERIGE"
"VVS_1373963199588"|"25241500"|"GUSTAVSBERG"
"VVS_1373963199589"|"25241500"|"GUSTAVSBERG"
"VVS_1374475829857"|"24600500"|"GROHE SVERIGE"
"VVS_1374475787458"|"1463645686881"|"ALTERNA"
"VVS_1374475787461"|"1463645686881"|"ALTERNA"
"VVS_1374734356125"|"25242000"|"GUSTAVSBERG/VÅRGÅRDA"
"VVS_1374734356126"|"25242000"|"GUSTAVSBERG/VÅRGÅRDA"
"VVS_1378794313050"|"1463645686881"|"ALTERNA"
"VVS_1377506197666"|"24600500"|"GROHE SVERIGE"
"VVS_1378881121655"|"1463645686881"|"ALTERNA"
"VVS_1378794313051"|"1463645686881"|"ALTERNA"
"VVS_1378881121656"|"1463645686881"|"ALTERNA"
"VVS_1378794313005"|"1463645686881"|"ALTERNA"
"VVS_1378881121657"|"1463645686881"|"ALTERNA"
"VVS_1378794313006"|"1463645686881"|"ALTERNA"
"VVS_1378881121658"|"1463645686881"|"ALTERNA"
"VVS_1378794313007"|"1463645686881"|"ALTERNA"
"VVS_1378794313055"|"1463645686881"|"ALTERNA"
"VVS_1379068953616"|"07580000"|"BEULCO"
"VVS_1378794313009"|"1463645686881"|"ALTERNA"
"VVS_1379068953619"|"07580000"|"BEULCO"
"VVS_1379068953620"|"07580000"|"BEULCO"
"VVS_1379314188647"|"30760200"|"IFÖ"
"VVS_1383809577911"|"1463645686881"|"ALTERNA"
"VVS_1383809577912"|"1463645686881"|"ALTERNA"
"VVS_1384424206237"|"30760200"|"IFÖ"
"VVS_1384848006257"|"30760200"|"IFÖ"
"VVS_1384848006258"|"30760200"|"IFÖ"
"VVS_1384848006259"|"30760200"|"IFÖ"
"VVS_1383721935997"|"24600500"|"GROHE SVERIGE"
"VVS_1383809577929"|"1463645686881"|"ALTERNA"
"VVS_1383809577902"|"51360300"|"ORAS"
"VVS_1384848006260"|"30760200"|"IFÖ"
"VVS_1383809577903"|"51360300"|"ORAS"
"VVS_1384848006261"|"30760200"|"IFÖ"
"VVS_1384848006235"|"30760200"|"IFÖ"
"VVS_1383809577910"|"1463645686881"|"ALTERNA"
"VVS_1384848006262"|"30760200"|"IFÖ"
"VVS_1387305626423"|"1463645686882"|"ALTECH"
"VVS_1384848006239"|"30760200"|"IFÖ"
"VVS_1384848006263"|"30760200"|"IFÖ"
"VVS_1387352306836"|"1463645686882"|"ALTECH"
"VVS_1384848006242"|"30760200"|"IFÖ"
"VVS_1384853254441"|"30760200"|"IFÖ"
"VVS_1387305626416"|"1463645686882"|"ALTECH"
"VVS_1384848006248"|"30760200"|"IFÖ"
"VVS_1384848006251"|"30760200"|"IFÖ"
"VVS_1384328284811"|"45000000"|"MORA"
"VVS_1387305626417"|"1463645686882"|"ALTECH"
"VVS_1387305626418"|"1463645686882"|"ALTECH"
"VVS_1389945985293"|"43480000"|"FMM"
"VVS_1390296036240"|"25242000"|"GUSTAVSBERG/VÅRGÅRDA"
"VVS_1390306786152"|"25242000"|"GUSTAVSBERG/VÅRGÅRDA"
"VVS_1390296036241"|"25242000"|"GUSTAVSBERG/VÅRGÅRDA"
"VVS_1389945985294"|"43480000"|"FMM"
"VVS_1387305626419"|"1463645686882"|"ALTECH"
"VVS_1390472301837"|"31950000"|"HABO"
"VVS_1390296036243"|"25242000"|"GUSTAVSBERG/VÅRGÅRDA"
"VVS_1389945985295"|"43480000"|"FMM"
"VVS_1387305626420"|"1463645686882"|"ALTECH"
"VVS_1389711791536"|"43480000"|"FMM"
"VVS_1390812427846"|"43480000"|"FMM"
"VVS_1387305626421"|"1463645686882"|"ALTECH"
"VVS_1390296036244"|"25242000"|"GUSTAVSBERG/VÅRGÅRDA"
"VVS_1389945985296"|"43480000"|"FMM"
"VVS_1390812427851"|"43480000"|"FMM"
"VVS_1390296036245"|"25242000"|"GUSTAVSBERG/VÅRGÅRDA"
"VVS_1387305626422"|"1463645686882"|"ALTECH"
"VVS_1389945985297"|"43480000"|"FMM"
"VVS_1390296036246"|"25242000"|"GUSTAVSBERG/VÅRGÅRDA"
"VVS_1389945985298"|"43480000"|"FMM"
"VVS_1390812427860"|"43480000"|"FMM"
"VVS_1390296036247"|"25242000"|"GUSTAVSBERG/VÅRGÅRDA"
"VVS_1389945985299"|"43480000"|"FMM"
"VVS_1390812427865"|"43480000"|"FMM"
"VVS_1389945985300"|"43480000"|"FMM"
"VVS_1390812427874"|"43480000"|"FMM"
"VVS_1390296036248"|"25242000"|"GUSTAVSBERG/VÅRGÅRDA"
"VVS_1390296036249"|"25242000"|"GUSTAVSBERG/VÅRGÅRDA"
"VVS_1391075208281"|"45000000"|"MORA"
"VVS_1390812428019"|"1463645686881"|"ALTERNA"
"VVS_1389945985292"|"43480000"|"FMM"
"VVS_1391075208287"|"43480000"|"FMM"
"VVS_1390985780117"|"1463645686881"|"ALTERNA"
"VVS_1392376414691"|"51360300"|"ORAS"
"VVS_1391075208294"|"45000000"|"MORA"
"VVS_1392625069622"|"51360300"|"ORAS"
"VVS_1391075208299"|"45000000"|"MORA"
"VVS_1392376414692"|"51360300"|"ORAS"
"VVS_1391075208304"|"45000000"|"MORA"
"VVS_1392376414693"|"51360300"|"ORAS"
"VVS_1392376414694"|"51360300"|"ORAS"
"VVS_1392376414685"|"51360300"|"ORAS"
"VVS_1392625069441"|"51360300"|"ORAS"
"VVS_1392711116006"|"30760200"|"IFÖ"
"VVS_1391161555625"|"45000000"|"MORA"
"VVS_1392625069442"|"51360300"|"ORAS"
"VVS_1392376414686"|"51360300"|"ORAS"
"VVS_1391161555630"|"45000000"|"MORA"
"VVS_1392711116037"|"30760200"|"IFÖ"
"VVS_1392376414687"|"51360300"|"ORAS"
"VVS_1392625069443"|"51360300"|"ORAS"
"VVS_1392711116047"|"30760200"|"IFÖ"
"VVS_1391075208272"|"43480000"|"FMM"
"VVS_1392376414688"|"51360300"|"ORAS"
"VVS_1392625069444"|"51360300"|"ORAS"
"VVS_1392799766570"|"55150000"|"REBASE"
"VVS_1392376414689"|"51360300"|"ORAS"
"VVS_1392625069445"|"51360300"|"ORAS"
"VVS_1392376414690"|"51360300"|"ORAS"
"VVS_1392625069446"|"51360300"|"ORAS"
"VVS_1395130947888"|"1463645686881"|"ALTERNA"
"VVS_1395130947892"|"1463645686881"|"ALTERNA"
"VVS_1396511794339"|"70575100"|"IMI"
"VVS_1396511794367"|"70575100"|"IMI"
"VVS_1395222430068"|"45000000"|"MORA"
"VVS_1395222430075"|"45000000"|"MORA"
"VVS_1397204213451"|"24600500"|"GROHE SVERIGE"
"VVS_1396511794413"|"25242000"|"GUSTAVSBERG/VÅRGÅRDA"
"VVS_1397458116291"|"19900000"|"FLAMKONTROLL"
"VVS_1397458116210"|"24600500"|"GROHE SVERIGE"
"VVS_1397204213429"|"66010500"|"SVEDBERGS"
"VVS_1397458116292"|"19900000"|"FLAMKONTROLL"
"VVS_1397204213435"|"24600500"|"GROHE SVERIGE"
"VVS_1398421012907"|"30760200"|"IFÖ"
"VVS_1397204213442"|"24600500"|"GROHE SVERIGE"
"VVS_1397458116237"|"30760200"|"IFÖ"
"VVS_1398669634763"|"1463645686882"|"ALTECH"
"VVS_1397458116330"|"43480000"|"FMM"
"VVS_1397458116238"|"30760200"|"IFÖ"
"VVS_1397458116339"|"43480000"|"FMM"
"VVS_1399280406321"|"51360300"|"ORAS"
"VVS_1399280406328"|"51360300"|"ORAS"
"VVS_1399280406334"|"51360300"|"ORAS"
"VVS_1399466825582"|"41520000"|"ELLESS WATER SAVING SYSTEM"
"VVS_1399280406338"|"51360300"|"ORAS"
"VVS_1399360837196"|"45000000"|"MORA"
"VVS_1399466825583"|"41520000"|"ELLESS WATER SAVING SYSTEM"
"VVS_1399466825594"|"41520000"|"ELLESS WATER SAVING SYSTEM"
"VVS_1399963628937"|"45000000"|"MORA"
"VVS_1399466825595"|"41520000"|"ELLESS WATER SAVING SYSTEM"
"VVS_1399963628946"|"45000000"|"MORA"
"VVS_1399372219433"|"1463645686881"|"ALTERNA"
"VVS_1399963628858"|"45000000"|"MORA"
"VVS_1399963628952"|"45000000"|"MORA"
"VVS_1399963628864"|"45000000"|"MORA"
"VVS_1399963628961"|"45000000"|"MORA"
"VVS_1400237544033"|"52260000"|"PAX ELECTRO PRODUCTS"
"VVS_1399963628866"|"45000000"|"MORA"
"VVS_1399963628872"|"45000000"|"MORA"
"VVS_1400237544043"|"52260000"|"PAX ELECTRO PRODUCTS"
"VVS_1399880367595"|"43480000"|"FMM"
"VVS_1399963628873"|"45000000"|"MORA"
"VVS_1399963628919"|"45000000"|"MORA"
"VVS_1399880367613"|"43480000"|"FMM"
"VVS_1400048174849"|"43480000"|"FMM"
"VVS_1399963628925"|"45000000"|"MORA"
"VVS_1399880367631"|"43480000"|"FMM"
"VVS_1400237544075"|"73700000"|"TYLÖ"
"VVS_1399963628931"|"45000000"|"MORA"
"VVS_1400237544076"|"73700000"|"TYLÖ"
"VVS_1400222179414"|"1463645686881"|"ALTERNA"
"VVS_1401176538541"|"24600500"|"GROHE SVERIGE"
"VVS_1400237544081"|"73700000"|"TYLÖ"
"VVS_1400222179415"|"1463645686881"|"ALTERNA"
"VVS_1401176538542"|"24600500"|"GROHE SVERIGE"
"VVS_1400237544019"|"52260000"|"PAX ELECTRO PRODUCTS"
"VVS_1403073175568"|"1463645686881"|"ALTERNA"
"VVS_1402896910096"|"28520100"|"HOLMGRENS METALL"
"VVS_1403073175569"|"1463645686881"|"ALTERNA"
"VVS_1401783942775"|"24600500"|"GROHE SVERIGE"
"VVS_1402662118691"|"25242000"|"GUSTAVSBERG/VÅRGÅRDA"
"VVS_1402990888467"|"51360300"|"ORAS"
"VVS_1402662118692"|"25242000"|"GUSTAVSBERG/VÅRGÅRDA"
"VVS_1405317249486"|"43480000"|"FMM"
"VVS_1403672602468"|"1463645686881"|"ALTERNA"
"VVS_1403672602471"|"1463645686881"|"ALTERNA"
"VVS_1405928821163"|"1463645686882"|"ALTECH"
"VVS_1406012278284"|"1463645686881"|"ALTERNA"
"VVS_1406012278306"|"1463645686881"|"ALTERNA"
"VVS_1406012278320"|"1463645686881"|"ALTERNA"
"VVS_1405317249467"|"43480000"|"FMM"
"VVS_1406012278424"|"1463645686881"|"ALTERNA"
"VVS_1405317249470"|"43480000"|"FMM"
"VVS_1405317249475"|"43480000"|"FMM"
"VVS_1405928821121"|"1463645686881"|"ALTERNA"
"VVS_1405317249480"|"43480000"|"FMM"
"VVS_1405928821143"|"28520100"|"HOLMGRENS METALL"
"VVS_1405317249485"|"43480000"|"FMM"
"VVS_1405928821148"|"1463645686881"|"ALTERNA"
"VVS_1409637296087"|"36970100"|"KRUSMAN NÖDDUSCHAR"
"VVS_1410763643147"|"14851500"|"DIVELLO"
"VVS_1410763643174"|"14851500"|"DIVELLO"
"VVS_1410332569950"|"51360300"|"ORAS"
"VVS_1410763643188"|"14851500"|"DIVELLO"
"VVS_1410332569959"|"51360300"|"ORAS"
"VVS_1410763643199"|"14851500"|"DIVELLO"
"VVS_1410332569965"|"51360300"|"ORAS"
"VVS_1410763643214"|"14851500"|"DIVELLO"
"VVS_1410763643219"|"14851500"|"DIVELLO"
"VVS_1410850622563"|"73681000"|"TVS DESIGNRADIATORER"
"VVS_1411560778060"|"45000000"|"MORA"
"VVS_1410763643145"|"14851500"|"DIVELLO"
"VVS_1411560778096"|"45000000"|"MORA"
"VVS_1411560778066"|"45000000"|"MORA"
"VVS_1410763643146"|"14851500"|"DIVELLO"
"VVS_1411560778072"|"45000000"|"MORA"
"VVS_1411560778097"|"45000000"|"MORA"
"VVS_1411560778078"|"45000000"|"MORA"
"VVS_1411560778099"|"45000000"|"MORA"
"VVS_1411560778079"|"45000000"|"MORA"
"VVS_1411560778148"|"45000000"|"MORA"
"VVS_1411560778091"|"45000000"|"MORA"
"VVS_1411560778154"|"45000000"|"MORA"
"VVS_1411560778092"|"45000000"|"MORA"
"VVS_1412768285086"|"1463645686881"|"ALTERNA"
"VVS_1411560778093"|"45000000"|"MORA"
"VVS_1412843410430"|"1463645686881"|"ALTERNA"
"VVS_1411544474485"|"45000000"|"MORA"
"VVS_1411560778094"|"45000000"|"MORA"
"VVS_1411560778048"|"45000000"|"MORA"
"VVS_1411560778095"|"45000000"|"MORA"
"VVS_1413784948071"|"24600500"|"GROHE SVERIGE"
"VVS_1415694520151"|"1463645686881"|"ALTERNA"
"VVS_1415694520152"|"1463645686881"|"ALTERNA"
"VVS_1416323024643"|"1463645686881"|"ALTERNA"
"VVS_1415604444061"|"1463645686881"|"ALTERNA"
"VVS_1415604444062"|"1463645686881"|"ALTERNA"
"VVS_1415107272091"|"45000000"|"MORA"
"VVS_1415604444063"|"1463645686881"|"ALTERNA"
"VVS_1416572345977"|"43480000"|"FMM"
"VVS_1416813469073"|"19705000"|"FAGERSTA HYGIEN "
"VVS_1416572346006"|"43480000"|"FMM"
"VVS_1416572346013"|"43480000"|"FMM"
"VVS_1418118315439"|"43480000"|"FMM"
"VVS_1416572346018"|"43480000"|"FMM"
"VVS_1418118315442"|"43480000"|"FMM"
"VVS_1418025212120"|"1463645686881"|"ALTERNA"
"VVS_1416572346023"|"43480000"|"FMM"
"VVS_1418118315449"|"43480000"|"FMM"
"VVS_1422259998548"|"30760200"|"IFÖ"
"VVS_1416572346024"|"43480000"|"FMM"
"VVS_1418118315454"|"43480000"|"FMM"
"VVS_1418118315459"|"43480000"|"FMM"
"VVS_1422259998549"|"30760200"|"IFÖ"
"VVS_1416572346033"|"43480000"|"FMM"
"VVS_1418025212128"|"45000000"|"MORA"
"VVS_1421915285208"|"1463645686882"|"ALTECH"
"VVS_1422259998550"|"30760200"|"IFÖ"
"VVS_1418025212131"|"45000000"|"MORA"
"VVS_1418118315464"|"43480000"|"FMM"
"VVS_1421915285209"|"1463645686882"|"ALTECH"
"VVS_1422259998551"|"30760200"|"IFÖ"
"VVS_1418025212136"|"45000000"|"MORA"
"VVS_1421915285241"|"1463645686882"|"ALTECH"
"VVS_1422259998590"|"30760200"|"IFÖ"
"VVS_1424247101172"|"1463645686881"|"ALTERNA"
"VVS_1424247101211"|"1463645686881"|"ALTERNA"
"VVS_1422259998645"|"30760200"|"IFÖ"
"VVS_1424247101218"|"1463645686881"|"ALTERNA"
"VVS_1424247101186"|"1463645686881"|"ALTERNA"
"VVS_1422259998547"|"30760200"|"IFÖ"
"VVS_1424247101187"|"1463645686881"|"ALTERNA"
"VVS_1424247101200"|"1463645686881"|"ALTERNA"
"VVS_1424247101201"|"1463645686881"|"ALTERNA"
"VVS_1423731142279"|"25242000"|"GUSTAVSBERG/VÅRGÅRDA"
"VVS_1424247101202"|"1463645686881"|"ALTERNA"
"VVS_1424247101159"|"1463645686881"|"ALTERNA"
"VVS_1424679125474"|"1463645686881"|"ALTERNA"
"VVS_1424247101209"|"1463645686881"|"ALTERNA"
"VVS_1424247101170"|"1463645686881"|"ALTERNA"
"VVS_1424247101210"|"1463645686881"|"ALTERNA"
"VVS_1425891837499"|"1463645686881"|"ALTERNA"
"VVS_1425891837503"|"52260000"|"PAX ELECTRO PRODUCTS"
"VVS_1426162883302"|"73148000"|"TRIO PERFEKTA"
"VVS_1425995044917"|"1463645686881"|"ALTERNA"
"VVS_1426493860881"|"51360300"|"ORAS"
"VVS_1426162883339"|"38545000"|"NGL VATTEN & ENERGITEKNIK"
"VVS_1426493860882"|"51360300"|"ORAS"
"VVS_1425995044919"|"1463645686881"|"ALTERNA"
"VVS_1426493860883"|"51360300"|"ORAS"
"VVS_1426493860884"|"51360300"|"ORAS"
"VVS_1427188580601"|"24597000"|"HANSGROHE"
"VVS_1426493860885"|"51360300"|"ORAS"
"VVS_1426493860886"|"51360300"|"ORAS"
"VVS_1427185894964"|"24600500"|"GROHE SVERIGE"
"VVS_1425995044913"|"1463645686881"|"ALTERNA"
"VVS_1427188580610"|"24597000"|"HANSGROHE"
"VVS_1425995044923"|"1463645686881"|"ALTERNA"
"VVS_1426493860657"|"38545000"|"NGL VATTEN & ENERGITEKNIK"
"VVS_1426493860936"|"51360300"|"ORAS"
"VVS_1427185894971"|"24600500"|"GROHE SVERIGE"
"VVS_1427188580616"|"24597000"|"HANSGROHE"
"VVS_1425995044924"|"1463645686881"|"ALTERNA"
"VVS_1427185894978"|"24600500"|"GROHE SVERIGE"
"VVS_1426162883227"|"38545000"|"NGL VATTEN & ENERGITEKNIK"
"VVS_1427188580622"|"24597000"|"HANSGROHE"
"VVS_1426493860879"|"51360300"|"ORAS"
"VVS_1427185894983"|"24600500"|"GROHE SVERIGE"
"VVS_1427188580628"|"24597000"|"HANSGROHE"
"VVS_1426162883266"|"41520000"|"ELLESS WATER SAVING SYSTEM"
"VVS_1426493860880"|"51360300"|"ORAS"
"VVS_1427185894984"|"24600500"|"GROHE SVERIGE"
"VVS_1427188580634"|"52260000"|"PAX ELECTRO PRODUCTS"
"VVS_1426688057231"|"24597000"|"HANSGROHE"
"VVS_1432045033384"|"30760200"|"IFÖ"
"VVS_1427185894993"|"24600500"|"GROHE SVERIGE"
"VVS_1427188580642"|"24600500"|"GROHE SVERIGE"
"VVS_1427188580599"|"14652000"|"DEMERX"
"VVS_1427188580649"|"21475000"|"FRESH"
"VVS_1432709328809"|"24597000"|"HANSGROHE"
"VVS_1427188580600"|"14652000"|"DEMERX"
"VVS_1428503734703"|"1463645686881"|"ALTERNA"
"VVS_1427188580650"|"21475000"|"FRESH"
"VVS_1432709328836"|"24597000"|"HANSGROHE"
"VVS_1432709328812"|"24597000"|"HANSGROHE"
"VVS_1427188580651"|"21475000"|"FRESH"
"VVS_1428503734704"|"1463645686881"|"ALTERNA"
"VVS_1432709328840"|"24597000"|"HANSGROHE"
"VVS_1432709328815"|"24597000"|"HANSGROHE"
"VVS_1431339750997"|"1463645686881"|"ALTERNA"
"VVS_1432031783670"|"30760200"|"IFÖ"
"VVS_1432709328841"|"24597000"|"HANSGROHE"
"VVS_1432280357206"|"24600500"|"GROHE SVERIGE"
"VVS_1432709328818"|"24597000"|"HANSGROHE"
"VVS_1430912824430"|"14851500"|"DIVELLO"
"VVS_1431339751002"|"43480000"|"FMM"
"VVS_1432031783671"|"30760200"|"IFÖ"
"VVS_1432280357219"|"1463645686882"|"ALTECH"
"VVS_1432709328846"|"24597000"|"HANSGROHE"
"VVS_1432709328778"|"24597000"|"HANSGROHE"
"VVS_1432709328819"|"24597000"|"HANSGROHE"
"VVS_1430912824441"|"14851500"|"DIVELLO"
"VVS_1432709328849"|"24597000"|"HANSGROHE"
"VVS_1432709328781"|"24597000"|"HANSGROHE"
"VVS_1432031783691"|"1463645686881"|"ALTERNA"
"VVS_1432280357222"|"43480000"|"FMM"
"VVS_1432709328824"|"24597000"|"HANSGROHE"
"VVS_1432709328850"|"24597000"|"HANSGROHE"
"VVS_1434010635239"|"1463645686881"|"ALTERNA"
"VVS_1432709328827"|"24597000"|"HANSGROHE"
"VVS_1434444838760"|"1463645686881"|"ALTERNA"
"VVS_1432709328794"|"24597000"|"HANSGROHE"
"VVS_1432709328828"|"24597000"|"HANSGROHE"
"VVS_1434010635240"|"1463645686881"|"ALTERNA"
"VVS_1434444838761"|"1463645686881"|"ALTERNA"
"VVS_1432709328829"|"24597000"|"HANSGROHE"
"VVS_1434444838768"|"1463645686881"|"ALTERNA"
"VVS_1434010635241"|"1463645686881"|"ALTERNA"
"VVS_1434444838774"|"1463645686881"|"ALTERNA"
"VVS_1434010635242"|"1463645686881"|"ALTERNA"
"VVS_1434010635243"|"1463645686881"|"ALTERNA"
"VVS_1433327856541"|"1463645686881"|"ALTERNA"
"VVS_1434093539926"|"1463645686881"|"ALTERNA"
"VVS_1434347374790"|"1463645686881"|"ALTERNA"
"VVS_1435220717004"|"73148000"|"TRIO PERFEKTA"
"VVS_1434010635236"|"1463645686881"|"ALTERNA"
"VVS_1434010635237"|"1463645686881"|"ALTERNA"
"VVS_1435132162505"|"14980000"|"DURAVIT"
"VVS_1434010635238"|"1463645686881"|"ALTERNA"
"VVS_1434444838747"|"1463645686881"|"ALTERNA"
"VVS_1440077066105"|"19961000"|"GEORG FISCHER"
"VVS_1439465025191"|"1463645686881"|"ALTERNA"
"VVS_1440077066118"|"71600000"|"THURESSON, ARNE "
"VVS_1441103428867"|"51360300"|"ORAS"
"VVS_1439465025218"|"1463645686881"|"ALTERNA"
"VVS_1440077066119"|"71600000"|"THURESSON, ARNE "
"VVS_1442562629484"|"24600500"|"GROHE SVERIGE"
"VVS_1439465025220"|"1463645686881"|"ALTERNA"
"VVS_1440077066120"|"71600000"|"THURESSON, ARNE "
"VVS_1442562629494"|"24600500"|"GROHE SVERIGE"
"VVS_1442562629485"|"24600500"|"GROHE SVERIGE"
"VVS_1440077066121"|"71600000"|"THURESSON, ARNE "
"VVS_1442562629486"|"24600500"|"GROHE SVERIGE"
"VVS_1442562629495"|"24600500"|"GROHE SVERIGE"
"VVS_1439465025235"|"51955000"|"PAN ATLANTIC"
"VVS_1442562629487"|"24600500"|"GROHE SVERIGE"
"VVS_1442562629496"|"24600500"|"GROHE SVERIGE"
"VVS_1440502148309"|"43480000"|"FMM"
"VVS_1442562629497"|"24600500"|"GROHE SVERIGE"
"VVS_1442562629488"|"24600500"|"GROHE SVERIGE"
"VVS_1442562629673"|"51360300"|"ORAS"
"VVS_1443077138758"|"43480000"|"FMM"
"VVS_1442562629498"|"24600500"|"GROHE SVERIGE"
"VVS_1443089726652"|"43480000"|"FMM"
"VVS_1443019845366"|"43480000"|"FMM"
"VVS_1442562629489"|"24600500"|"GROHE SVERIGE"
"VVS_1440502148314"|"43480000"|"FMM"
"VVS_1443019845367"|"43480000"|"FMM"
"VVS_1443089726653"|"43480000"|"FMM"
"VVS_1443077138759"|"43480000"|"FMM"
"VVS_1442562629499"|"24600500"|"GROHE SVERIGE"
"VVS_1442562629490"|"24600500"|"GROHE SVERIGE"
"VVS_1443019845368"|"43480000"|"FMM"
"VVS_1442562629500"|"24600500"|"GROHE SVERIGE"
"VVS_1443077138770"|"43480000"|"FMM"
"VVS_1442562629491"|"24600500"|"GROHE SVERIGE"
"VVS_1442562629482"|"24600500"|"GROHE SVERIGE"
"VVS_1442562629501"|"24600500"|"GROHE SVERIGE"
"VVS_1443019845370"|"43480000"|"FMM"
"VVS_1443089726619"|"43480000"|"FMM"
"VVS_1442562629492"|"24600500"|"GROHE SVERIGE"
"VVS_1442562629483"|"24600500"|"GROHE SVERIGE"
"VVS_1443019845407"|"43480000"|"FMM"
"VVS_1443089726629"|"43480000"|"FMM"
"VVS_1442562629493"|"24600500"|"GROHE SVERIGE"
"VVS_1442562629659"|"51360300"|"ORAS"
"VVS_1443077138727"|"43480000"|"FMM"
"VVS_1443089726636"|"43480000"|"FMM"
"VVS_1444127587415"|"45000000"|"MORA"
"VVS_1443077138736"|"43480000"|"FMM"
"VVS_1443089726643"|"43480000"|"FMM"
"VVS_1444127587424"|"45000000"|"MORA"
"VVS_1443077138743"|"43480000"|"FMM"
"VVS_1443089726649"|"43480000"|"FMM"
"VVS_1444127587431"|"45000000"|"MORA"
"VVS_1443077138744"|"43480000"|"FMM"
"VVS_1443089726650"|"43480000"|"FMM"
"VVS_1444120255534"|"1463645686881"|"ALTERNA"
"VVS_1444127587448"|"45000000"|"MORA"
"VVS_1444127587504"|"45000000"|"MORA"
"VVS_1443089726651"|"43480000"|"FMM"
"VVS_1444120255537"|"1463645686881"|"ALTERNA"
"VVS_1444127587454"|"45000000"|"MORA"
"VVS_1444228058981"|"45000000"|"MORA"
"VVS_1444127587512"|"45000000"|"MORA"
"VVS_1444886738149"|"10062000"|"BROEN"
"VVS_1444127587460"|"45000000"|"MORA"
"VVS_1444886738224"|"10062000"|"BROEN"
"VVS_1444127587520"|"45000000"|"MORA"
"VVS_1444228058987"|"45000000"|"MORA"
"VVS_1444886738157"|"10062000"|"BROEN"
"VVS_1444975194653"|"10062000"|"BROEN"
"VVS_1444127587470"|"45000000"|"MORA"
"VVS_1444127587359"|"24600500"|"GROHE SVERIGE"
"VVS_1444886738227"|"10062000"|"BROEN"
"VVS_1444127587526"|"45000000"|"MORA"
"VVS_1444228058993"|"45000000"|"MORA"
"VVS_1444886738166"|"10062000"|"BROEN"
"VVS_1444975194660"|"10062000"|"BROEN"
"VVS_1444127587478"|"45000000"|"MORA"
"VVS_1444127587532"|"45000000"|"MORA"
"VVS_1444127587366"|"51360300"|"ORAS"
"VVS_1444905039324"|"1463645686881"|"ALTERNA"
"VVS_1444228058999"|"45000000"|"MORA"
"VVS_1444886738177"|"10062000"|"BROEN"
"VVS_1444127587486"|"45000000"|"MORA"
"VVS_1444975194666"|"10062000"|"BROEN"
"VVS_1444127587371"|"51360300"|"ORAS"
"VVS_1444905039325"|"1463645686881"|"ALTERNA"
"VVS_1445234793538"|"10062000"|"BROEN"
"VVS_1444886738184"|"10062000"|"BROEN"
"VVS_1444228059006"|"43480000"|"FMM"
"VVS_1445338108206"|"10062000"|"BROEN"
"VVS_1444975194669"|"10062000"|"BROEN"
"VVS_1444127587492"|"45000000"|"MORA"
"VVS_1444228058957"|"45000000"|"MORA"
"VVS_1444127587376"|"51360300"|"ORAS"
"VVS_1445420313871"|"10062000"|"BROEN"
"VVS_1444975194607"|"10062000"|"BROEN"
"VVS_1444975194672"|"10062000"|"BROEN"
"VVS_1444886738197"|"10062000"|"BROEN"
"VVS_1445338108211"|"10062000"|"BROEN"
"VVS_1445420313882"|"10062000"|"BROEN"
"VVS_1447683390750"|"1463645686881"|"ALTERNA"
"VVS_1444228058963"|"45000000"|"MORA"
"VVS_1444975194614"|"10062000"|"BROEN"
"VVS_1444975194675"|"10062000"|"BROEN"
"VVS_1444886738204"|"10062000"|"BROEN"
"VVS_1445338108216"|"10062000"|"BROEN"
"VVS_1445420313885"|"10062000"|"BROEN"
"VVS_1444228059016"|"43480000"|"FMM"
"VVS_1444228058969"|"45000000"|"MORA"
"VVS_1444975194621"|"10062000"|"BROEN"
"VVS_1444975194676"|"10062000"|"BROEN"
"VVS_1444886738211"|"10062000"|"BROEN"
"VVS_1445338108221"|"10062000"|"BROEN"
"VVS_1444228059021"|"43480000"|"FMM"
"VVS_1445420313890"|"10062000"|"BROEN"
"VVS_1444228058975"|"45000000"|"MORA"
"VVS_1444975194624"|"10062000"|"BROEN"
"VVS_1447155575725"|"1463645686881"|"ALTERNA"
"VVS_1444975194687"|"10062000"|"BROEN"
"VVS_1445342145145"|"30760200"|"IFÖ"
"VVS_1444886738216"|"10062000"|"BROEN"
"VVS_1444228059022"|"43480000"|"FMM"
"VVS_1447753329353"|"04840600"|"ARROW SKANDINAVIEN"
"VVS_1444975194637"|"10062000"|"BROEN"
"VVS_1444983673823"|"1463645686881"|"ALTERNA"
"VVS_1447155575729"|"52260000"|"PAX ELECTRO PRODUCTS"
"VVS_1444886738221"|"10062000"|"BROEN"
"VVS_1445342145146"|"30760200"|"IFÖ"
"VVS_1445451947827"|"1463645686882"|"ALTECH"
"VVS_1446455464015"|"1463645686881"|"ALTERNA"
"VVS_1444975194648"|"10062000"|"BROEN"
"VVS_1445024900703"|"10062000"|"BROEN"
"VVS_1445342145147"|"30760200"|"IFÖ"
"VVS_1447402974997"|"1463645686881"|"ALTERNA"
"VVS_1445587034179"|"43480000"|"FMM"
"VVS_1448954863760"|"73148000"|"TRIO PERFEKTA"
"VVS_1450257270578"|"43480000"|"FMM"
"VVS_1448541402724"|"24597000"|"HANSGROHE"
"VVS_1448954863787"|"1463645686881"|"ALTERNA"
"VVS_1448610937048"|"10062000"|"BROEN"
"VVS_1447417622581"|"1463645686881"|"ALTERNA"
"VVS_1448899307099"|"04840600"|"ARROW SKANDINAVIEN"
"VVS_1452843019727"|"1463645686882"|"ALTECH"
"VVS_1448954863717"|"14980000"|"DURAVIT"
"VVS_1448954863718"|"14980000"|"DURAVIT"
"VVS_1452510560755"|"1463645686882"|"ALTECH"
"VVS_1450257270573"|"43480000"|"FMM"
"VVS_1451907518491"|"51360300"|"ORAS"
"VVS_1454569773120_1454569773119"|"43394500"|"M&M DESIGN 4 BATH"
"VVS_1452688291765"|"45000000"|"MORA"
"VVS_1454569773126_1454569773125"|"43394500"|"M&M DESIGN 4 BATH"
"VVS_1454569773270_1454569773269"|"43394500"|"M&M DESIGN 4 BATH"
"VVS_1453465160670"|"43480000"|"FMM"
"VVS_1454569773129_1454569773128"|"43394500"|"M&M DESIGN 4 BATH"
"VVS_1456841302603"|"52260000"|"PAX ELECTRO PRODUCTS"
"VVS_1453465160680"|"43480000"|"FMM"
"VVS_1456841302604"|"52260000"|"PAX ELECTRO PRODUCTS"
"VVS_1453465160693"|"43480000"|"FMM"
"VVS_1456841302605"|"52260000"|"PAX ELECTRO PRODUCTS"
"VVS_1454569773282_1454569773281"|"43394500"|"M&M DESIGN 4 BATH"
"VVS_1453465160701"|"43480000"|"FMM"
"VVS_1454569773138_1454569773137"|"43394500"|"M&M DESIGN 4 BATH"
"VVS_1454569773285_1454569773284"|"43394500"|"M&M DESIGN 4 BATH"
"VVS_1455882321023"|"24600500"|"GROHE SVERIGE"
"VVS_1457010256468"|"38545000"|"NGL VATTEN & ENERGITEKNIK"
"VVS_1454673866681"|"51360300"|"ORAS"
"VVS_1458301783818"|"24597000"|"HANSGROHE"
"VVS_1454569773261_1454569773260"|"43394500"|"M&M DESIGN 4 BATH"
"VVS_1456480501999"|"1463645686881"|"ALTERNA"
"VVS_1457010256469"|"38545000"|"NGL VATTEN & ENERGITEKNIK"
"VVS_1458301783819"|"24597000"|"HANSGROHE"
"VVS_1457010256433"|"38545000"|"NGL VATTEN & ENERGITEKNIK"
"VVS_1458821723142"|"27700000"|"HENO"
"VVS_1456841302584"|"51360300"|"ORAS"
"VVS_1458301783820"|"24597000"|"HANSGROHE"
"VVS_1457010256434"|"38545000"|"NGL VATTEN & ENERGITEKNIK"
"VVS_1458821723151"|"27700000"|"HENO"
"VVS_1457010256443"|"38545000"|"NGL VATTEN & ENERGITEKNIK"
"VVS_1456841302585"|"51360300"|"ORAS"
"VVS_1458821723285"|"27700000"|"HENO"
"VVS_1458301783821"|"24597000"|"HANSGROHE"
"VVS_1458821723152"|"27700000"|"HENO"
"VVS_1456841302602"|"52260000"|"PAX ELECTRO PRODUCTS"
"VVS_1457010256448"|"38545000"|"NGL VATTEN & ENERGITEKNIK"
"VVS_1458821723291"|"27700000"|"HENO"
"VVS_1458301783843"|"27700000"|"HENO"
"VVS_1458821723163"|"27700000"|"HENO"
"VVS_1457010256449"|"38545000"|"NGL VATTEN & ENERGITEKNIK"
"VVS_1458821723293"|"27700000"|"HENO"
"VVS_1458301783844"|"27700000"|"HENO"
"VVS_1457010256458"|"38545000"|"NGL VATTEN & ENERGITEKNIK"
"VVS_1458301783845"|"27700000"|"HENO"
"VVS_1458821723249"|"27700000"|"HENO"
"VVS_1458748263229"|"27700000"|"HENO"
"VVS_1457010256463"|"38545000"|"NGL VATTEN & ENERGITEKNIK"
"VVS_1458301783846"|"27700000"|"HENO"
"VVS_1459405056544"|"45000000"|"MORA"
"VVS_1458748263250"|"27700000"|"HENO"
"VVS_1458821723250"|"27700000"|"HENO"
"VVS_1458301783786"|"1463645686881"|"ALTERNA"
"VVS_1458748263251"|"27700000"|"HENO"
"VVS_1459405056545"|"45000000"|"MORA"
"VVS_1458821723251"|"27700000"|"HENO"
"VVS_1458301783796"|"14851500"|"DIVELLO"
"VVS_1458748263252"|"27700000"|"HENO"
"VVS_1459405056556"|"45000000"|"MORA"
"VVS_1458821723252"|"27700000"|"HENO"
"VVS_1459405056557"|"45000000"|"MORA"
"VVS_1458821723253"|"27700000"|"HENO"
"VVS_1459405056568"|"45000000"|"MORA"
"VVS_1458821723279"|"27700000"|"HENO"
"VVS_1459405056573"|"45000000"|"MORA"
"VVS_1459776927999"|"1463645686881"|"ALTERNA"
"VVS_1461051651777"|"1463645686881"|"ALTERNA"
"VVS_1460718107940"|"1463645686881"|"ALTERNA"
"VVS_1460973595044"|"30760200"|"IFÖ"
"VVS_1460973595045"|"30760200"|"IFÖ"
"VVS_1460973595046"|"30760200"|"IFÖ"
"VVS_1460973595047"|"30760200"|"IFÖ"
"VVS_1460973595048"|"30760200"|"IFÖ"
"VVS_1463073650271"|"41520000"|"ELLESS WATER SAVING SYSTEM"
"VVS_1463078139258"|"41520000"|"ELLESS WATER SAVING SYSTEM"
"VVS_1463232979709"|"1463645686881"|"ALTERNA"
"VVS_197935"|"1463645686881"|"ALTERNA"
"VVS_198030"|"1463645686881"|"ALTERNA"
"VVS_198032"|"1463645686881"|"ALTERNA"
"VVS_198034"|"1463645686881"|"ALTERNA"
"VVS_198036"|"1463645686881"|"ALTERNA"
"VVS_198037"|"1463645686881"|"ALTERNA"
"VVS_198816"|"1463645686881"|"ALTERNA"
"VVS_199159"|"60580000"|"PURUS"
"VVS_199475"|"1463645686881"|"ALTERNA"
"VVS_199625"|"43480000"|"FMM"
"VVS_199655"|"43480000"|"FMM"
"VVS_199477"|"22835000"|"GEBERIT"
"VVS_199603"|"43480000"|"FMM"
"VVS_199629"|"43480000"|"FMM"
"VVS_199679"|"43480000"|"FMM"
"VVS_199711"|"43480000"|"FMM"
"VVS_199657"|"43480000"|"FMM"
"VVS_199479"|"1463645686881"|"ALTERNA"
"VVS_199605"|"43480000"|"FMM"
"VVS_199734"|"43480000"|"FMM"
"VVS_199681"|"43480000"|"FMM"
"VVS_199659"|"43480000"|"FMM"
"VVS_199607"|"43480000"|"FMM"
"VVS_199736"|"43480000"|"FMM"
"VVS_199685"|"43480000"|"FMM"
"VVS_199661"|"43480000"|"FMM"
"VVS_199756"|"43480000"|"FMM"
"VVS_199779"|"43480000"|"FMM"
"VVS_199738"|"43480000"|"FMM"
"VVS_199663"|"43480000"|"FMM"
"VVS_199689"|"43480000"|"FMM"
"VVS_199799"|"43480000"|"FMM"
"VVS_199611"|"43480000"|"FMM"
"VVS_199758"|"43480000"|"FMM"
"VVS_199781"|"43480000"|"FMM"
"VVS_199721"|"43480000"|"FMM"
"VVS_199740"|"43480000"|"FMM"
"VVS_199643"|"43480000"|"FMM"
"VVS_199667"|"43480000"|"FMM"
"VVS_199691"|"43480000"|"FMM"
"VVS_199613"|"43480000"|"FMM"
"VVS_199801"|"43480000"|"FMM"
"VVS_199760"|"43480000"|"FMM"
"VVS_199783"|"43480000"|"FMM"
"VVS_199742"|"43480000"|"FMM"
"VVS_199723"|"43480000"|"FMM"
"VVS_199647"|"43480000"|"FMM"
"VVS_199693"|"43480000"|"FMM"
"VVS_199803"|"43480000"|"FMM"
"VVS_199785"|"43480000"|"FMM"
"VVS_199762"|"43480000"|"FMM"
"VVS_199819"|"43480000"|"FMM"
"VVS_199649"|"43480000"|"FMM"
"VVS_199744"|"43480000"|"FMM"
"VVS_199621"|"43480000"|"FMM"
"VVS_199867"|"43480000"|"FMM"
"VVS_199727"|"43480000"|"FMM"
"VVS_199787"|"43480000"|"FMM"
"VVS_199651"|"43480000"|"FMM"
"VVS_199746"|"43480000"|"FMM"
"VVS_199766"|"43480000"|"FMM"
"VVS_199623"|"43480000"|"FMM"
"VVS_199821"|"43480000"|"FMM"
"VVS_199807"|"43480000"|"FMM"
"VVS_199729"|"43480000"|"FMM"
"VVS_199653"|"43480000"|"FMM"
"VVS_199869"|"43480000"|"FMM"
"VVS_199789"|"43480000"|"FMM"
"VVS_199748"|"43480000"|"FMM"
"VVS_199823"|"43480000"|"FMM"
"VVS_199705"|"43480000"|"FMM"
"VVS_199844"|"43480000"|"FMM"
"VVS_199732"|"43480000"|"FMM"
"VVS_199768"|"43480000"|"FMM"
"VVS_199890"|"45000000"|"MORA"
"VVS_199872"|"45000000"|"MORA"
"VVS_199677"|"43480000"|"FMM"
"VVS_199791"|"43480000"|"FMM"
"VVS_199912"|"45000000"|"MORA"
"VVS_199752"|"43480000"|"FMM"
"VVS_199707"|"43480000"|"FMM"
"VVS_199825"|"43480000"|"FMM"
"VVS_199770"|"43480000"|"FMM"
"VVS_199934"|"45000000"|"MORA"
"VVS_199846"|"43480000"|"FMM"
"VVS_199811"|"43480000"|"FMM"
"VVS_199892"|"45000000"|"MORA"
"VVS_199914"|"45000000"|"MORA"
"VVS_199956"|"45000000"|"MORA"
"VVS_199754"|"43480000"|"FMM"
"VVS_199709"|"43480000"|"FMM"
"VVS_199827"|"43480000"|"FMM"
"VVS_199936"|"45000000"|"MORA"
"VVS_199813"|"43480000"|"FMM"
"VVS_199894"|"45000000"|"MORA"
"VVS_199916"|"45000000"|"MORA"
"VVS_199829"|"43480000"|"FMM"
"VVS_199958"|"45000000"|"MORA"
"VVS_199996"|"45000000"|"MORA"
"VVS_199878"|"45000000"|"MORA"
"VVS_199938"|"45000000"|"MORA"
"VVS_199797"|"43480000"|"FMM"
"VVS_199896"|"45000000"|"MORA"
"VVS_199918"|"45000000"|"MORA"
"VVS_199978"|"45000000"|"MORA"
"VVS_199960"|"45000000"|"MORA"
"VVS_199831"|"43480000"|"FMM"
"VVS_199882"|"45000000"|"MORA"
"VVS_199940"|"45000000"|"MORA"
"VVS_199777"|"43480000"|"FMM"
"VVS_199817"|"43480000"|"FMM"
"VVS_199898"|"45000000"|"MORA"
"VVS_199920"|"45000000"|"MORA"
"VVS_199962"|"45000000"|"MORA"
"VVS_199944"|"45000000"|"MORA"
"VVS_200049"|"45000000"|"MORA"
"VVS_200004"|"45000000"|"MORA"
"VVS_200053"|"45000000"|"MORA"
"VVS_199926"|"45000000"|"MORA"
"VVS_200006"|"45000000"|"MORA"
"VVS_199888"|"45000000"|"MORA"
"VVS_199865"|"43480000"|"FMM"
"VVS_200055"|"45000000"|"MORA"
"VVS_200082"|"45000000"|"MORA"
"VVS_200026"|"45000000"|"MORA"
"VVS_199928"|"45000000"|"MORA"
"VVS_200008"|"45000000"|"MORA"
"VVS_200098"|"45000000"|"MORA"
"VVS_200120"|"45000000"|"MORA"
"VVS_200029"|"45000000"|"MORA"
"VVS_200058"|"45000000"|"MORA"
"VVS_200084"|"45000000"|"MORA"
"VVS_199930"|"45000000"|"MORA"
"VVS_200010"|"45000000"|"MORA"
"VVS_200100"|"45000000"|"MORA"
"VVS_200060"|"45000000"|"MORA"
"VVS_200033"|"45000000"|"MORA"
"VVS_200086"|"45000000"|"MORA"
"VVS_199932"|"45000000"|"MORA"
"VVS_199954"|"45000000"|"MORA"
"VVS_200012"|"45000000"|"MORA"
"VVS_200088"|"45000000"|"MORA"
"VVS_200035"|"45000000"|"MORA"
"VVS_200062"|"45000000"|"MORA"
"VVS_199974"|"45000000"|"MORA"
"VVS_200235"|"25242000"|"GUSTAVSBERG/VÅRGÅRDA"
"VVS_200016"|"45000000"|"MORA"
"VVS_200174"|"25242000"|"GUSTAVSBERG/VÅRGÅRDA"
"VVS_200090"|"45000000"|"MORA"
"VVS_200037"|"45000000"|"MORA"
"VVS_200068"|"45000000"|"MORA"
"VVS_200319"|"51360300"|"ORAS"
"VVS_200237"|"25242000"|"GUSTAVSBERG/VÅRGÅRDA"
"VVS_199994"|"45000000"|"MORA"
"VVS_200018"|"45000000"|"MORA"
"VVS_200131"|"45000000"|"MORA"
"VVS_200176"|"25242000"|"GUSTAVSBERG/VÅRGÅRDA"
"VVS_200092"|"45000000"|"MORA"
"VVS_200043"|"45000000"|"MORA"
"VVS_200211"|"25242000"|"GUSTAVSBERG/VÅRGÅRDA"
"VVS_200321"|"51360300"|"ORAS"
"VVS_200239"|"25242000"|"GUSTAVSBERG/VÅRGÅRDA"
"VVS_200292"|"25242000"|"GUSTAVSBERG/VÅRGÅRDA"
"VVS_200110"|"45000000"|"MORA"
"VVS_200347"|"51360300"|"ORAS"
"VVS_200371"|"51360300"|"ORAS"
"VVS_200133"|"45000000"|"MORA"
"VVS_200045"|"45000000"|"MORA"
"VVS_200094"|"45000000"|"MORA"
"VVS_200178"|"25242000"|"GUSTAVSBERG/VÅRGÅRDA"
"VVS_200215"|"25242000"|"GUSTAVSBERG/VÅRGÅRDA"
"VVS_200325"|"51360300"|"ORAS"
"VVS_200300"|"25242000"|"GUSTAVSBERG/VÅRGÅRDA"
"VVS_200241"|"25242000"|"GUSTAVSBERG/VÅRGÅRDA"
"VVS_200112"|"45000000"|"MORA"
"VVS_200349"|"51360300"|"ORAS"
"VVS_200135"|"45000000"|"MORA"
"VVS_200373"|"51360300"|"ORAS"
"VVS_200096"|"45000000"|"MORA"
"VVS_200327"|"51360300"|"ORAS"
"VVS_200217"|"25242000"|"GUSTAVSBERG/VÅRGÅRDA"
"VVS_200114"|"45000000"|"MORA"
"VVS_200379"|"51360300"|"ORAS"
"VVS_200137"|"45000000"|"MORA"
"VVS_200219"|"25242000"|"GUSTAVSBERG/VÅRGÅRDA"
"VVS_200182"|"25242000"|"GUSTAVSBERG/VÅRGÅRDA"
"VVS_200381"|"51360300"|"ORAS"
"VVS_200462"|"51360300"|"ORAS"
"VVS_200355"|"51360300"|"ORAS"
"VVS_200307"|"51360300"|"ORAS"
"VVS_200437"|"51360300"|"ORAS"
"VVS_200148"|"25242000"|"GUSTAVSBERG/VÅRGÅRDA"
"VVS_200223"|"25242000"|"GUSTAVSBERG/VÅRGÅRDA"
"VVS_200387"|"51360300"|"ORAS"
"VVS_200414"|"51360300"|"ORAS"
"VVS_200269"|"25242000"|"GUSTAVSBERG/VÅRGÅRDA"
"VVS_200311"|"51360300"|"ORAS"
"VVS_200150"|"25242000"|"GUSTAVSBERG/VÅRGÅRDA"
"VVS_200184"|"25242000"|"GUSTAVSBERG/VÅRGÅRDA"
"VVS_200464"|"51360300"|"ORAS"
"VVS_200439"|"51360300"|"ORAS"
"VVS_200225"|"25242000"|"GUSTAVSBERG/VÅRGÅRDA"
"VVS_200389"|"51360300"|"ORAS"
"VVS_200416"|"51360300"|"ORAS"
"VVS_200271"|"25242000"|"GUSTAVSBERG/VÅRGÅRDA"
"VVS_200466"|"51360300"|"ORAS"
"VVS_200313"|"51360300"|"ORAS"
"VVS_200339"|"51360300"|"ORAS"
"VVS_200441"|"51360300"|"ORAS"
"VVS_200527"|"24600500"|"GROHE SVERIGE"
"VVS_200395"|"51360300"|"ORAS"
"VVS_200501"|"24600500"|"GROHE SVERIGE"
"VVS_200341"|"51360300"|"ORAS"
"VVS_200363"|"51360300"|"ORAS"
"VVS_200549"|"24597000"|"HANSGROHE"
"VVS_200445"|"51360300"|"ORAS"
"VVS_200282"|"25242000"|"GUSTAVSBERG/VÅRGÅRDA"
"VVS_200471"|"24600500"|"GROHE SVERIGE"
"VVS_200399"|"51360300"|"ORAS"
"VVS_200503"|"24600500"|"GROHE SVERIGE"
"VVS_200365"|"51360300"|"ORAS"
"VVS_200551"|"24597000"|"HANSGROHE"
"VVS_200343"|"51360300"|"ORAS"
"VVS_200317"|"51360300"|"ORAS"
"VVS_200451"|"51360300"|"ORAS"
"VVS_200572"|"24597000"|"HANSGROHE"
"VVS_200475"|"24600500"|"GROHE SVERIGE"
"VVS_200401"|"51360300"|"ORAS"
"VVS_200367"|"51360300"|"ORAS"
"VVS_200505"|"24600500"|"GROHE SVERIGE"
"VVS_200641"|"25242000"|"GUSTAVSBERG/VÅRGÅRDA"
"VVS_200615"|"43480000"|"FMM"
"VVS_200453"|"51360300"|"ORAS"
"VVS_200426"|"51360300"|"ORAS"
"VVS_200477"|"24600500"|"GROHE SVERIGE"
"VVS_200597"|"43480000"|"FMM"
"VVS_200369"|"51360300"|"ORAS"
"VVS_200643"|"25242000"|"GUSTAVSBERG/VÅRGÅRDA"
"VVS_200535"|"24600500"|"GROHE SVERIGE"
"VVS_200617"|"43480000"|"FMM"
"VVS_200455"|"51360300"|"ORAS"
"VVS_200428"|"51360300"|"ORAS"
"VVS_200481"|"24600500"|"GROHE SVERIGE"
"VVS_200511"|"24600500"|"GROHE SVERIGE"
"VVS_200599"|"43480000"|"FMM"
"VVS_200620"|"45000000"|"MORA"
"VVS_200432"|"51360300"|"ORAS"
"VVS_200483"|"24600500"|"GROHE SVERIGE"
"VVS_200513"|"24600500"|"GROHE SVERIGE"
"VVS_200601"|"43480000"|"FMM"
"VVS_200540"|"24600500"|"GROHE SVERIGE"
"VVS_200647"|"25242000"|"GUSTAVSBERG/VÅRGÅRDA"
"VVS_200625"|"25242000"|"GUSTAVSBERG/VÅRGÅRDA"
"VVS_200460"|"51360300"|"ORAS"
"VVS_200515"|"24600500"|"GROHE SVERIGE"
"VVS_200603"|"43480000"|"FMM"
"VVS_200627"|"25242000"|"GUSTAVSBERG/VÅRGÅRDA"
"VVS_200563"|"24597000"|"HANSGROHE"
"VVS_200542"|"24600500"|"GROHE SVERIGE"
"VVS_200650"|"51360300"|"ORAS"
"VVS_200728"|"10062000"|"BROEN"
"VVS_200748"|"10062000"|"BROEN"
"VVS_200671"|"21080500"|"FRANKE "
"VVS_200605"|"43480000"|"FMM"
"VVS_200629"|"25242000"|"GUSTAVSBERG/VÅRGÅRDA"
"VVS_200525"|"24600500"|"GROHE SVERIGE"
"VVS_200545"|"24597000"|"HANSGROHE"
"VVS_200565"|"24597000"|"HANSGROHE"
"VVS_200711"|"1463645686882"|"ALTECH"
"VVS_200654"|"73148000"|"TRIO PERFEKTA"
"VVS_200730"|"10062000"|"BROEN"
"VVS_200750"|"10062000"|"BROEN"
"VVS_200633"|"25242000"|"GUSTAVSBERG/VÅRGÅRDA"
"VVS_200607"|"43480000"|"FMM"
"VVS_200713"|"1463645686882"|"ALTECH"
"VVS_200547"|"24597000"|"HANSGROHE"
"VVS_200785"|"25242000"|"GUSTAVSBERG/VÅRGÅRDA"
"VVS_200567"|"24597000"|"HANSGROHE"
"VVS_200656"|"73148000"|"TRIO PERFEKTA"
"VVS_200732"|"10062000"|"BROEN"
"VVS_200752"|"10062000"|"BROEN"
"VVS_200635"|"25242000"|"GUSTAVSBERG/VÅRGÅRDA"
"VVS_200675"|"21080500"|"FRANKE "
"VVS_200609"|"43480000"|"FMM"
"VVS_200715"|"1463645686882"|"ALTECH"
"VVS_200806"|"10062000"|"BROEN"
"VVS_200787"|"25242000"|"GUSTAVSBERG/VÅRGÅRDA"
"VVS_200659"|"43480000"|"FMM"
"VVS_200734"|"10062000"|"BROEN"
"VVS_200754"|"10062000"|"BROEN"
"VVS_200637"|"25242000"|"GUSTAVSBERG/VÅRGÅRDA"
"VVS_200677"|"21080500"|"FRANKE "
"VVS_200611"|"43480000"|"FMM"
"VVS_200717"|"1463645686882"|"ALTECH"
"VVS_200808"|"10062000"|"BROEN"
"VVS_200661"|"21080500"|"FRANKE "
"VVS_200736"|"10062000"|"BROEN"
"VVS_200756"|"10062000"|"BROEN"
"VVS_200679"|"21080500"|"FRANKE "
"VVS_200639"|"25242000"|"GUSTAVSBERG/VÅRGÅRDA"
"VVS_200613"|"43480000"|"FMM"
"VVS_200719"|"1463645686882"|"ALTECH"
"VVS_200792"|"10062000"|"BROEN"
"VVS_200810"|"10062000"|"BROEN"
"VVS_200847"|"43480000"|"FMM"
"VVS_200738"|"10062000"|"BROEN"
"VVS_200868"|"25242000"|"GUSTAVSBERG/VÅRGÅRDA"
"VVS_200830"|"10062000"|"BROEN"
"VVS_200888"|"25242000"|"GUSTAVSBERG/VÅRGÅRDA"
"VVS_200722"|"10062000"|"BROEN"
"VVS_200794"|"10062000"|"BROEN"
"VVS_200812"|"10062000"|"BROEN"
"VVS_200911"|"70575100"|"IMI"
"VVS_200849"|"43480000"|"FMM"
"VVS_200760"|"10062000"|"BROEN"
"VVS_200740"|"10062000"|"BROEN"
"VVS_200870"|"25242000"|"GUSTAVSBERG/VÅRGÅRDA"
"VVS_200724"|"10062000"|"BROEN"
"VVS_200796"|"10062000"|"BROEN"
"VVS_200892"|"25242000"|"GUSTAVSBERG/VÅRGÅRDA"
"VVS_200814"|"10062000"|"BROEN"
"VVS_200913"|"70575100"|"IMI"
"VVS_200851"|"43480000"|"FMM"
"VVS_200742"|"10062000"|"BROEN"
"VVS_200872"|"25242000"|"GUSTAVSBERG/VÅRGÅRDA"
"VVS_200959"|"1463645686881"|"ALTERNA"
"VVS_200726"|"10062000"|"BROEN"
"VVS_200798"|"10062000"|"BROEN"
"VVS_200894"|"25242000"|"GUSTAVSBERG/VÅRGÅRDA"
"VVS_200979"|"1463645686881"|"ALTERNA"
"VVS_200853"|"43480000"|"FMM"
"VVS_200916"|"73148000"|"TRIO PERFEKTA"
"VVS_200874"|"25242000"|"GUSTAVSBERG/VÅRGÅRDA"
"VVS_200744"|"10062000"|"BROEN"
"VVS_200961"|"1463645686881"|"ALTERNA"
"VVS_200800"|"10062000"|"BROEN"
"VVS_200818"|"10062000"|"BROEN"
"VVS_200896"|"25242000"|"GUSTAVSBERG/VÅRGÅRDA"
"VVS_201000"|"43480000"|"FMM"
"VVS_200981"|"1463645686881"|"ALTERNA"
"VVS_200855"|"43480000"|"FMM"
"VVS_200920"|"36970100"|"KRUSMAN NÖDDUSCHAR"
"VVS_200746"|"10062000"|"BROEN"
"VVS_200876"|"25242000"|"GUSTAVSBERG/VÅRGÅRDA"
"VVS_200963"|"1463645686881"|"ALTERNA"
"VVS_200898"|"25242000"|"GUSTAVSBERG/VÅRGÅRDA"
"VVS_200802"|"10062000"|"BROEN"
"VVS_200983"|"1463645686881"|"ALTERNA"
"VVS_200857"|"43480000"|"FMM"
"VVS_200924"|"36970100"|"KRUSMAN NÖDDUSCHAR"
"VVS_200878"|"25242000"|"GUSTAVSBERG/VÅRGÅRDA"
"VVS_200822"|"10062000"|"BROEN"
"VVS_201027"|"43480000"|"FMM"
"VVS_200804"|"10062000"|"BROEN"
"VVS_201007"|"43480000"|"FMM"
"VVS_200985"|"1463645686881"|"ALTERNA"
"VVS_200926"|"36970100"|"KRUSMAN NÖDDUSCHAR"
"VVS_200859"|"43480000"|"FMM"
"VVS_200880"|"25242000"|"GUSTAVSBERG/VÅRGÅRDA"
"VVS_200824"|"10062000"|"BROEN"
"VVS_201077"|"43480000"|"FMM"
"VVS_201029"|"43480000"|"FMM"
"VVS_201057"|"43480000"|"FMM"
"VVS_200902"|"25242000"|"GUSTAVSBERG/VÅRGÅRDA"
"VVS_200928"|"36970100"|"KRUSMAN NÖDDUSCHAR"
"VVS_200862"|"25242000"|"GUSTAVSBERG/VÅRGÅRDA"
"VVS_200882"|"25242000"|"GUSTAVSBERG/VÅRGÅRDA"
"VVS_200844"|"10062000"|"BROEN"
"VVS_200969"|"1463645686881"|"ALTERNA"
"VVS_201013"|"43480000"|"FMM"
"VVS_201099"|"43480000"|"FMM"
"VVS_200904"|"25242000"|"GUSTAVSBERG/VÅRGÅRDA"
"VVS_201079"|"43480000"|"FMM"
"VVS_200930"|"36970100"|"KRUSMAN NÖDDUSCHAR"
"VVS_200864"|"25242000"|"GUSTAVSBERG/VÅRGÅRDA"
"VVS_200971"|"1463645686881"|"ALTERNA"
"VVS_200884"|"25242000"|"GUSTAVSBERG/VÅRGÅRDA"
"VVS_201015"|"43480000"|"FMM"
"VVS_201083"|"43480000"|"FMM"
"VVS_201127"|"45000000"|"MORA"
"VVS_200906"|"25242000"|"GUSTAVSBERG/VÅRGÅRDA"
"VVS_200991"|"1463645686881"|"ALTERNA"
"VVS_201061"|"43480000"|"FMM"
"VVS_200934"|"36970100"|"KRUSMAN NÖDDUSCHAR"
"VVS_200866"|"25242000"|"GUSTAVSBERG/VÅRGÅRDA"
"VVS_200973"|"1463645686881"|"ALTERNA"
"VVS_200886"|"25242000"|"GUSTAVSBERG/VÅRGÅRDA"
"VVS_201017"|"43480000"|"FMM"
"VVS_201085"|"43480000"|"FMM"
"VVS_200909"|"70575100"|"IMI"
"VVS_200993"|"1463645686881"|"ALTERNA"
"VVS_201065"|"43480000"|"FMM"
"VVS_201103"|"43480000"|"FMM"
"VVS_200944"|"36970100"|"KRUSMAN NÖDDUSCHAR"
"VVS_201021"|"43480000"|"FMM"
"VVS_200975"|"1463645686881"|"ALTERNA"
"VVS_201163"|"45000000"|"MORA"
"VVS_201192"|"51360300"|"ORAS"
"VVS_201087"|"43480000"|"FMM"
"VVS_201218"|"51360300"|"ORAS"
"VVS_200995"|"1463645686881"|"ALTERNA"
"VVS_201040"|"43480000"|"FMM"
"VVS_201023"|"43480000"|"FMM"
"VVS_200977"|"1463645686881"|"ALTERNA"
"VVS_201165"|"45000000"|"MORA"
"VVS_201194"|"51360300"|"ORAS"
"VVS_201089"|"43480000"|"FMM"
"VVS_201220"|"51360300"|"ORAS"
"VVS_201042"|"43480000"|"FMM"
"VVS_201108"|"43480000"|"FMM"
"VVS_201243"|"24600500"|"GROHE SVERIGE"
"VVS_201173"|"45000000"|"MORA"
"VVS_201272"|"25242000"|"GUSTAVSBERG/VÅRGÅRDA"
"VVS_201196"|"51360300"|"ORAS"
"VVS_201139"|"45000000"|"MORA"
"VVS_201091"|"43480000"|"FMM"
"VVS_201044"|"43480000"|"FMM"
"VVS_201222"|"51360300"|"ORAS"
"VVS_201110"|"43480000"|"FMM"
"VVS_201293"|"04840600"|"ARROW SKANDINAVIEN"
"VVS_201248"|"24600500"|"GROHE SVERIGE"
"VVS_201175"|"45000000"|"MORA"
"VVS_201198"|"51360300"|"ORAS"
"VVS_201274"|"25242000"|"GUSTAVSBERG/VÅRGÅRDA"
"VVS_201322"|"04840600"|"ARROW SKANDINAVIEN"
"VVS_201049"|"43480000"|"FMM"
"VVS_201073"|"43480000"|"FMM"
"VVS_201093"|"43480000"|"FMM"
"VVS_201145"|"45000000"|"MORA"
"VVS_201224"|"51360300"|"ORAS"
"VVS_201113"|"45000000"|"MORA"
"VVS_201177"|"45000000"|"MORA"
"VVS_201253"|"24600500"|"GROHE SVERIGE"
"VVS_201200"|"51360300"|"ORAS"
"VVS_201276"|"25242000"|"GUSTAVSBERG/VÅRGÅRDA"
"VVS_201226"|"51360300"|"ORAS"
"VVS_201095"|"43480000"|"FMM"
"VVS_201053"|"43480000"|"FMM"
"VVS_201075"|"43480000"|"FMM"
"VVS_201324"|"04840600"|"ARROW SKANDINAVIEN"
"VVS_201147"|"45000000"|"MORA"
"VVS_201115"|"45000000"|"MORA"
"VVS_201179"|"45000000"|"MORA"
"VVS_201255"|"24600500"|"GROHE SVERIGE"
"VVS_201208"|"51360300"|"ORAS"
"VVS_201228"|"51360300"|"ORAS"
"VVS_201278"|"25242000"|"GUSTAVSBERG/VÅRGÅRDA"
"VVS_201097"|"43480000"|"FMM"
"VVS_201370"|"07580000"|"BEULCO"
"VVS_201348"|"24597000"|"HANSGROHE"
"VVS_201326"|"04840600"|"ARROW SKANDINAVIEN"
"VVS_201149"|"45000000"|"MORA"
"VVS_201301"|"04840600"|"ARROW SKANDINAVIEN"
"VVS_201258"|"25242000"|"GUSTAVSBERG/VÅRGÅRDA"
"VVS_201181"|"45000000"|"MORA"
"VVS_201210"|"51360300"|"ORAS"
"VVS_201231"|"24600500"|"GROHE SVERIGE"
"VVS_201280"|"25242000"|"GUSTAVSBERG/VÅRGÅRDA"
"VVS_201350"|"24597000"|"HANSGROHE"
"VVS_201373"|"51360300"|"ORAS"
"VVS_201394"|"43480000"|"FMM"
"VVS_201303"|"04840600"|"ARROW SKANDINAVIEN"
"VVS_201153"|"45000000"|"MORA"
"VVS_201260"|"25242000"|"GUSTAVSBERG/VÅRGÅRDA"
"VVS_201212"|"51360300"|"ORAS"
"VVS_201282"|"25242000"|"GUSTAVSBERG/VÅRGÅRDA"
"VVS_201331"|"24597000"|"HANSGROHE"
"VVS_201305"|"04840600"|"ARROW SKANDINAVIEN"
"VVS_201161"|"45000000"|"MORA"
"VVS_201353"|"72890500"|"TREBEMA"
"VVS_201375"|"51360300"|"ORAS"
"VVS_201396"|"43480000"|"FMM"
"VVS_201432"|"43480000"|"FMM"
"VVS_201262"|"25242000"|"GUSTAVSBERG/VÅRGÅRDA"
"VVS_201214"|"51360300"|"ORAS"
"VVS_201186"|"51360300"|"ORAS"
"VVS_201284"|"25242000"|"GUSTAVSBERG/VÅRGÅRDA"
"VVS_201334"|"24597000"|"HANSGROHE"
"VVS_201355"|"45000000"|"MORA"
"VVS_201398"|"43480000"|"FMM"
"VVS_201436"|"43480000"|"FMM"
"VVS_201264"|"25242000"|"GUSTAVSBERG/VÅRGÅRDA"
"VVS_201460"|"43480000"|"FMM"
"VVS_201216"|"51360300"|"ORAS"
"VVS_201190"|"51360300"|"ORAS"
"VVS_201287"|"04840600"|"ARROW SKANDINAVIEN"
"VVS_201336"|"24597000"|"HANSGROHE"
"VVS_201313"|"04840600"|"ARROW SKANDINAVIEN"
"VVS_201357"|"24597000"|"HANSGROHE"
"VVS_201382"|"43480000"|"FMM"
"VVS_201440"|"43480000"|"FMM"
"VVS_201464"|"43480000"|"FMM"
"VVS_201266"|"25242000"|"GUSTAVSBERG/VÅRGÅRDA"
"VVS_201488"|"43480000"|"FMM"
"VVS_201289"|"04840600"|"ARROW SKANDINAVIEN"
"VVS_201546"|"43480000"|"FMM"
"VVS_201338"|"24597000"|"HANSGROHE"
"VVS_201315"|"04840600"|"ARROW SKANDINAVIEN"
"VVS_201442"|"43480000"|"FMM"
"VVS_201384"|"43480000"|"FMM"
"VVS_201408"|"43480000"|"FMM"
"VVS_201466"|"43480000"|"FMM"
"VVS_201582"|"43480000"|"FMM"
"VVS_201494"|"43480000"|"FMM"
"VVS_201516"|"43480000"|"FMM"
"VVS_201291"|"04840600"|"ARROW SKANDINAVIEN"
"VVS_201554"|"43480000"|"FMM"
"VVS_201342"|"24597000"|"HANSGROHE"
"VVS_201386"|"43480000"|"FMM"
"VVS_201362"|"25242000"|"GUSTAVSBERG/VÅRGÅRDA"
"VVS_201468"|"43480000"|"FMM"
"VVS_201444"|"43480000"|"FMM"
"VVS_201410"|"43480000"|"FMM"
"VVS_201584"|"32250000"|"UNIDRAIN"
"VVS_201496"|"43480000"|"FMM"
"VVS_201522"|"43480000"|"FMM"
"VVS_201604"|"43480000"|"FMM"
"VVS_201631"|"45000000"|"MORA"
"VVS_201344"|"24597000"|"HANSGROHE"
"VVS_201556"|"43480000"|"FMM"
"VVS_201470"|"43480000"|"FMM"
"VVS_201388"|"43480000"|"FMM"
"VVS_201364"|"24597000"|"HANSGROHE"
"VVS_201448"|"43480000"|"FMM"
"VVS_201412"|"43480000"|"FMM"
"VVS_201588"|"43480000"|"FMM"
"VVS_201472"|"43480000"|"FMM"
"VVS_201607"|"45000000"|"MORA"
"VVS_201635"|"45000000"|"MORA"
"VVS_201390"|"43480000"|"FMM"
"VVS_201655"|"45000000"|"MORA"
"VVS_201450"|"43480000"|"FMM"
"VVS_201414"|"43480000"|"FMM"
"VVS_201366"|"24597000"|"HANSGROHE"
"VVS_201500"|"43480000"|"FMM"
"VVS_201590"|"43480000"|"FMM"
"VVS_201532"|"43480000"|"FMM"
"VVS_201637"|"45000000"|"MORA"
"VVS_201609"|"45000000"|"MORA"
"VVS_201475"|"43480000"|"FMM"
"VVS_201418"|"43480000"|"FMM"
"VVS_201452"|"43480000"|"FMM"
"VVS_201560"|"43480000"|"FMM"
"VVS_201657"|"45000000"|"MORA"
"VVS_201392"|"43480000"|"FMM"
"VVS_201502"|"43480000"|"FMM"
"VVS_201592"|"43480000"|"FMM"
"VVS_201639"|"45000000"|"MORA"
"VVS_201611"|"45000000"|"MORA"
"VVS_201534"|"43480000"|"FMM"
"VVS_201659"|"45000000"|"MORA"
"VVS_201566"|"43480000"|"FMM"
"VVS_201477"|"43480000"|"FMM"
"VVS_201430"|"43480000"|"FMM"
"VVS_201454"|"43480000"|"FMM"
"VVS_201679"|"45000000"|"MORA"
"VVS_201504"|"43480000"|"FMM"
"VVS_201594"|"43480000"|"FMM"
"VVS_201709"|"45000000"|"MORA"
"VVS_201643"|"45000000"|"MORA"
"VVS_201538"|"43480000"|"FMM"
"VVS_201661"|"45000000"|"MORA"
"VVS_201568"|"43480000"|"FMM"
"VVS_201479"|"43480000"|"FMM"
"VVS_201456"|"43480000"|"FMM"
"VVS_201681"|"45000000"|"MORA"
"VVS_201734"|"25242000"|"GUSTAVSBERG/VÅRGÅRDA"
"VVS_201508"|"43480000"|"FMM"
"VVS_201596"|"43480000"|"FMM"
"VVS_201711"|"45000000"|"MORA"
"VVS_201615"|"45000000"|"MORA"
"VVS_201645"|"45000000"|"MORA"
"VVS_201663"|"45000000"|"MORA"
"VVS_201540"|"43480000"|"FMM"
"VVS_201736"|"25242000"|"GUSTAVSBERG/VÅRGÅRDA"
"VVS_201481"|"43480000"|"FMM"
"VVS_201570"|"43480000"|"FMM"
"VVS_201683"|"45000000"|"MORA"
"VVS_201510"|"43480000"|"FMM"
"VVS_201756"|"25242000"|"GUSTAVSBERG/VÅRGÅRDA"
"VVS_201598"|"43480000"|"FMM"
"VVS_201647"|"45000000"|"MORA"
"VVS_201617"|"45000000"|"MORA"
"VVS_201715"|"45000000"|"MORA"
"VVS_201665"|"45000000"|"MORA"
"VVS_201574"|"43480000"|"FMM"
"VVS_201542"|"43480000"|"FMM"
"VVS_201776"|"25242000"|"GUSTAVSBERG/VÅRGÅRDA"
"VVS_201512"|"43480000"|"FMM"
"VVS_201685"|"45000000"|"MORA"
"VVS_201600"|"43480000"|"FMM"
"VVS_201758"|"25242000"|"GUSTAVSBERG/VÅRGÅRDA"
"VVS_201619"|"45000000"|"MORA"
"VVS_201717"|"45000000"|"MORA"
"VVS_201649"|"45000000"|"MORA"
"VVS_201740"|"25242000"|"GUSTAVSBERG/VÅRGÅRDA"
"VVS_201669"|"45000000"|"MORA"
"VVS_201544"|"43480000"|"FMM"
"VVS_201578"|"43480000"|"FMM"
"VVS_201778"|"25242000"|"GUSTAVSBERG/VÅRGÅRDA"
"VVS_201602"|"43480000"|"FMM"
"VVS_201687"|"45000000"|"MORA"
"VVS_201760"|"25242000"|"GUSTAVSBERG/VÅRGÅRDA"
"VVS_201801"|"51360300"|"ORAS"
"VVS_201651"|"45000000"|"MORA"
"VVS_201742"|"25242000"|"GUSTAVSBERG/VÅRGÅRDA"
"VVS_201621"|"45000000"|"MORA"
"VVS_201719"|"45000000"|"MORA"
"VVS_201671"|"45000000"|"MORA"
"VVS_201849"|"51360300"|"ORAS"
"VVS_201827"|"51360300"|"ORAS"
"VVS_201803"|"51360300"|"ORAS"
"VVS_201780"|"25242000"|"GUSTAVSBERG/VÅRGÅRDA"
"VVS_201762"|"25242000"|"GUSTAVSBERG/VÅRGÅRDA"
"VVS_201693"|"45000000"|"MORA"
"VVS_201653"|"45000000"|"MORA"
"VVS_201870"|"24600500"|"GROHE SVERIGE"
"VVS_201627"|"45000000"|"MORA"
"VVS_201744"|"25242000"|"GUSTAVSBERG/VÅRGÅRDA"
"VVS_201721"|"45000000"|"MORA"
"VVS_201675"|"45000000"|"MORA"
"VVS_201829"|"51360300"|"ORAS"
"VVS_201851"|"51360300"|"ORAS"
"VVS_201782"|"25242000"|"GUSTAVSBERG/VÅRGÅRDA"
"VVS_201805"|"51360300"|"ORAS"
"VVS_201695"|"45000000"|"MORA"
"VVS_201764"|"25242000"|"GUSTAVSBERG/VÅRGÅRDA"
"VVS_201890"|"24600500"|"GROHE SVERIGE"
"VVS_201746"|"25242000"|"GUSTAVSBERG/VÅRGÅRDA"
"VVS_201677"|"45000000"|"MORA"
"VVS_201807"|"51360300"|"ORAS"
"VVS_201723"|"45000000"|"MORA"
"VVS_201853"|"51360300"|"ORAS"
"VVS_201697"|"45000000"|"MORA"
"VVS_201831"|"51360300"|"ORAS"
"VVS_201874"|"24600500"|"GROHE SVERIGE"
"VVS_201786"|"25242000"|"GUSTAVSBERG/VÅRGÅRDA"
"VVS_201766"|"25242000"|"GUSTAVSBERG/VÅRGÅRDA"
"VVS_201892"|"24600500"|"GROHE SVERIGE"
"VVS_201748"|"25242000"|"GUSTAVSBERG/VÅRGÅRDA"
"VVS_201933"|"54315000"|"PROTITE"
"VVS_201726"|"25242000"|"GUSTAVSBERG/VÅRGÅRDA"
"VVS_201809"|"51360300"|"ORAS"
"VVS_201855"|"51360300"|"ORAS"
"VVS_201701"|"45000000"|"MORA"
"VVS_201788"|"25242000"|"GUSTAVSBERG/VÅRGÅRDA"
"VVS_201876"|"24600500"|"GROHE SVERIGE"
"VVS_201768"|"25242000"|"GUSTAVSBERG/VÅRGÅRDA"
"VVS_201833"|"51360300"|"ORAS"
"VVS_201894"|"24600500"|"GROHE SVERIGE"
"VVS_201935"|"58580500"|"CAPSEAL"
"VVS_201917"|"43480000"|"FMM"
"VVS_201752"|"25242000"|"GUSTAVSBERG/VÅRGÅRDA"
"VVS_201811"|"51360300"|"ORAS"
"VVS_201857"|"51360300"|"ORAS"
"VVS_201728"|"25242000"|"GUSTAVSBERG/VÅRGÅRDA"
"VVS_201707"|"45000000"|"MORA"
"VVS_201790"|"25242000"|"GUSTAVSBERG/VÅRGÅRDA"
"VVS_201878"|"24600500"|"GROHE SVERIGE"
"VVS_201770"|"25242000"|"GUSTAVSBERG/VÅRGÅRDA"
"VVS_201835"|"51360300"|"ORAS"
"VVS_201896"|"24600500"|"GROHE SVERIGE"
"VVS_201754"|"25242000"|"GUSTAVSBERG/VÅRGÅRDA"
"VVS_201732"|"25242000"|"GUSTAVSBERG/VÅRGÅRDA"
"VVS_201817"|"51360300"|"ORAS"
"VVS_201859"|"51360300"|"ORAS"
"VVS_201794"|"25242000"|"GUSTAVSBERG/VÅRGÅRDA"
"VVS_201954"|"43480000"|"FMM"
"VVS_201772"|"25242000"|"GUSTAVSBERG/VÅRGÅRDA"
"VVS_201880"|"24600500"|"GROHE SVERIGE"
"VVS_201837"|"51360300"|"ORAS"
"VVS_201898"|"24600500"|"GROHE SVERIGE"
"VVS_201939"|"54315000"|"PROTITE"
"VVS_201974"|"43480000"|"FMM"
"VVS_201819"|"51360300"|"ORAS"
"VVS_201956"|"43480000"|"FMM"
"VVS_201796"|"25242000"|"GUSTAVSBERG/VÅRGÅRDA"
"VVS_201774"|"25242000"|"GUSTAVSBERG/VÅRGÅRDA"
"VVS_201882"|"24600500"|"GROHE SVERIGE"
"VVS_201839"|"51360300"|"ORAS"
"VVS_201923"|"58580500"|"CAPSEAL"
"VVS_201900"|"24600500"|"GROHE SVERIGE"
"VVS_201821"|"51360300"|"ORAS"
"VVS_201863"|"51360300"|"ORAS"
"VVS_201958"|"43480000"|"FMM"
"VVS_201798"|"25242000"|"GUSTAVSBERG/VÅRGÅRDA"
"VVS_202012"|"45000000"|"MORA"
"VVS_202041"|"45000000"|"MORA"
"VVS_201884"|"24600500"|"GROHE SVERIGE"
"VVS_201902"|"24600500"|"GROHE SVERIGE"
"VVS_201925"|"54315000"|"PROTITE"
"VVS_201866"|"24600500"|"GROHE SVERIGE"
"VVS_201960"|"43480000"|"FMM"
"VVS_201825"|"51360300"|"ORAS"
"VVS_201978"|"43480000"|"FMM"
"VVS_202014"|"45000000"|"MORA"
"VVS_202043"|"45000000"|"MORA"
"VVS_202065"|"25242000"|"GUSTAVSBERG/VÅRGÅRDA"
"VVS_201886"|"24600500"|"GROHE SVERIGE"
"VVS_201904"|"24600500"|"GROHE SVERIGE"
"VVS_201843"|"51360300"|"ORAS"
"VVS_201927"|"56337000"|"INDUSTRIGUMMI"
"VVS_201982"|"43480000"|"FMM"
"VVS_201868"|"24600500"|"GROHE SVERIGE"
"VVS_202087"|"51360300"|"ORAS"
"VVS_202016"|"45000000"|"MORA"
"VVS_202045"|"45000000"|"MORA"
"VVS_202067"|"25242000"|"GUSTAVSBERG/VÅRGÅRDA"
"VVS_201888"|"24600500"|"GROHE SVERIGE"
"VVS_201929"|"54315000"|"PROTITE"
"VVS_201847"|"51360300"|"ORAS"
"VVS_201906"|"24600500"|"GROHE SVERIGE"
"VVS_201964"|"43480000"|"FMM"
"VVS_201984"|"43480000"|"FMM"
"VVS_202092"|"43480000"|"FMM"
"VVS_202111"|"43480000"|"FMM"
"VVS_202051"|"45000000"|"MORA"
"VVS_202018"|"45000000"|"MORA"
"VVS_202136"|"45000000"|"MORA"
"VVS_202071"|"51360300"|"ORAS"
"VVS_201931"|"43480000"|"FMM"
"VVS_202158"|"60580000"|"PURUS"
"VVS_201966"|"43480000"|"FMM"
"VVS_201950"|"43480000"|"FMM"
"VVS_201986"|"43480000"|"FMM"
"VVS_202095"|"43480000"|"FMM"
"VVS_202113"|"43480000"|"FMM"
"VVS_202053"|"25242000"|"GUSTAVSBERG/VÅRGÅRDA"
"VVS_202031"|"45000000"|"MORA"
"VVS_202138"|"45000000"|"MORA"
"VVS_202073"|"51360300"|"ORAS"
"VVS_201968"|"43480000"|"FMM"
"VVS_201952"|"43480000"|"FMM"
"VVS_202160"|"32250000"|"UNIDRAIN"
"VVS_202204"|"45000000"|"MORA"
"VVS_201996"|"43480000"|"FMM"
"VVS_202097"|"43480000"|"FMM"
"VVS_202115"|"43480000"|"FMM"
"VVS_202055"|"25242000"|"GUSTAVSBERG/VÅRGÅRDA"
"VVS_202075"|"51360300"|"ORAS"
"VVS_202140"|"73148000"|"TRIO PERFEKTA"
"VVS_202033"|"45000000"|"MORA"
"VVS_202184"|"43480000"|"FMM"
"VVS_201998"|"43480000"|"FMM"
"VVS_201970"|"43480000"|"FMM"
"VVS_202208"|"45000000"|"MORA"
"VVS_202226"|"51360300"|"ORAS"
"VVS_202099"|"43480000"|"FMM"
"VVS_202117"|"43480000"|"FMM"
"VVS_202057"|"25242000"|"GUSTAVSBERG/VÅRGÅRDA"
"VVS_202142"|"73148000"|"TRIO PERFEKTA"
"VVS_202077"|"51360300"|"ORAS"
"VVS_202035"|"45000000"|"MORA"
"VVS_202186"|"43480000"|"FMM"
"VVS_201972"|"43480000"|"FMM"
"VVS_202002"|"43480000"|"FMM"
"VVS_202210"|"25242000"|"GUSTAVSBERG/VÅRGÅRDA"
"VVS_202101"|"43480000"|"FMM"
"VVS_202228"|"51360300"|"ORAS"
"VVS_202059"|"25242000"|"GUSTAVSBERG/VÅRGÅRDA"
"VVS_202119"|"43480000"|"FMM"
"VVS_202079"|"51360300"|"ORAS"
"VVS_202144"|"73148000"|"TRIO PERFEKTA"
"VVS_202188"|"43480000"|"FMM"
"VVS_202037"|"45000000"|"MORA"
"VVS_202166"|"30760200"|"IFÖ"
"VVS_202212"|"25242000"|"GUSTAVSBERG/VÅRGÅRDA"
"VVS_202103"|"43480000"|"FMM"
"VVS_202246"|"73148000"|"TRIO PERFEKTA"
"VVS_202061"|"25242000"|"GUSTAVSBERG/VÅRGÅRDA"
"VVS_202230"|"73148000"|"TRIO PERFEKTA"
"VVS_202081"|"51360300"|"ORAS"
"VVS_202146"|"73148000"|"TRIO PERFEKTA"
"VVS_202039"|"45000000"|"MORA"
"VVS_202105"|"43480000"|"FMM"
"VVS_202214"|"25242000"|"GUSTAVSBERG/VÅRGÅRDA"
"VVS_202268"|"43480000"|"FMM"
"VVS_202063"|"25242000"|"GUSTAVSBERG/VÅRGÅRDA"
"VVS_202248"|"73148000"|"TRIO PERFEKTA"
"VVS_202148"|"07580000"|"BEULCO"
"VVS_202083"|"51360300"|"ORAS"
"VVS_202192"|"43480000"|"FMM"
"VVS_202170"|"74553000"|"UNIPAK"
"VVS_202288"|"45000000"|"MORA"
"VVS_202216"|"25242000"|"GUSTAVSBERG/VÅRGÅRDA"
"VVS_202107"|"43480000"|"FMM"
"VVS_202270"|"43480000"|"FMM"
"VVS_202129"|"45000000"|"MORA"
"VVS_202250"|"73148000"|"TRIO PERFEKTA"
"VVS_202316"|"45000000"|"MORA"
"VVS_202234"|"73148000"|"TRIO PERFEKTA"
"VVS_202085"|"51360300"|"ORAS"
"VVS_202194"|"43480000"|"FMM"
"VVS_202109"|"43480000"|"FMM"
"VVS_202290"|"45000000"|"MORA"
"VVS_202218"|"25242000"|"GUSTAVSBERG/VÅRGÅRDA"
"VVS_202272"|"43480000"|"FMM"
"VVS_202132"|"45000000"|"MORA"
"VVS_202252"|"43480000"|"FMM"
"VVS_202318"|"25242000"|"GUSTAVSBERG/VÅRGÅRDA"
"VVS_202152"|"19400000"|"FALUPLAST"
"VVS_202236"|"73148000"|"TRIO PERFEKTA"
"VVS_202336"|"73148000"|"TRIO PERFEKTA"
"VVS_202196"|"45000000"|"MORA"
"VVS_202220"|"25242000"|"GUSTAVSBERG/VÅRGÅRDA"
"VVS_202292"|"45000000"|"MORA"
"VVS_202134"|"45000000"|"MORA"
"VVS_202358"|"51360300"|"ORAS"
"VVS_202274"|"43480000"|"FMM"
"VVS_202320"|"45000000"|"MORA"
"VVS_202254"|"43480000"|"FMM"
"VVS_202155"|"60580000"|"PURUS"
"VVS_202238"|"73148000"|"TRIO PERFEKTA"
"VVS_202338"|"73148000"|"TRIO PERFEKTA"
"VVS_202198"|"45000000"|"MORA"
"VVS_202294"|"45000000"|"MORA"
"VVS_202222"|"51360300"|"ORAS"
"VVS_202276"|"43480000"|"FMM"
"VVS_202360"|"51360300"|"ORAS"
"VVS_202256"|"43480000"|"FMM"
"VVS_202381"|"36640000"|"KOPPLA VVS"
"VVS_202322"|"73148000"|"TRIO PERFEKTA"
"VVS_202240"|"73148000"|"TRIO PERFEKTA"
"VVS_202340"|"73148000"|"TRIO PERFEKTA"
"VVS_202202"|"45000000"|"MORA"
"VVS_202224"|"51360300"|"ORAS"
"VVS_202296"|"45000000"|"MORA"
"VVS_202430"|"43480000"|"FMM"
"VVS_202278"|"43480000"|"FMM"
"VVS_202383"|"07580000"|"BEULCO"
"VVS_202362"|"51360300"|"ORAS"
"VVS_202324"|"73148000"|"TRIO PERFEKTA"
"VVS_202242"|"73148000"|"TRIO PERFEKTA"
"VVS_202410"|"43480000"|"FMM"
"VVS_202342"|"73148000"|"TRIO PERFEKTA"
"VVS_202306"|"45000000"|"MORA"
"VVS_202455"|"73148000"|"TRIO PERFEKTA"
"VVS_202482"|"61950000"|"SKOGS"
"VVS_202280"|"43480000"|"FMM"
"VVS_202387"|"07580000"|"BEULCO"
"VVS_202262"|"43480000"|"FMM"
"VVS_202326"|"73148000"|"TRIO PERFEKTA"
"VVS_202365"|"07580000"|"BEULCO"
"VVS_202244"|"73148000"|"TRIO PERFEKTA"
"VVS_202412"|"43480000"|"FMM"
"VVS_202344"|"73148000"|"TRIO PERFEKTA"
"VVS_202484"|"19400000"|"FALUPLAST"
"VVS_202389"|"07580000"|"BEULCO"
"VVS_202282"|"28520100"|"HOLMGRENS METALL"
"VVS_202457"|"73148000"|"TRIO PERFEKTA"
"VVS_202434"|"45000000"|"MORA"
"VVS_202264"|"43480000"|"FMM"
"VVS_202328"|"73148000"|"TRIO PERFEKTA"
"VVS_202367"|"07580000"|"BEULCO"
"VVS_202346"|"73148000"|"TRIO PERFEKTA"
"VVS_202512"|"43480000"|"FMM"
"VVS_202416"|"43480000"|"FMM"
"VVS_202459"|"73148000"|"TRIO PERFEKTA"
"VVS_202284"|"45000000"|"MORA"
"VVS_202391"|"07580000"|"BEULCO"
"VVS_202436"|"45000000"|"MORA"
"VVS_202330"|"73148000"|"TRIO PERFEKTA"
"VVS_202266"|"43480000"|"FMM"
"VVS_202369"|"07580000"|"BEULCO"
"VVS_202348"|"73148000"|"TRIO PERFEKTA"
"VVS_202514"|"43480000"|"FMM"
"VVS_202418"|"43480000"|"FMM"
"VVS_202488"|"28520100"|"HOLMGRENS METALL"
"VVS_202312"|"45000000"|"MORA"
"VVS_202461"|"73148000"|"TRIO PERFEKTA"
"VVS_202286"|"25242000"|"GUSTAVSBERG/VÅRGÅRDA"
"VVS_202393"|"36640000"|"KOPPLA VVS"
"VVS_202332"|"73148000"|"TRIO PERFEKTA"
"VVS_202438"|"45000000"|"MORA"
"VVS_202352"|"51360300"|"ORAS"
"VVS_202371"|"07580000"|"BEULCO"
"VVS_202536"|"45000000"|"MORA"
"VVS_202420"|"43480000"|"FMM"
"VVS_202518"|"43480000"|"FMM"
"VVS_202491"|"43480000"|"FMM"
"VVS_202463"|"15000000"|"DURGO"
"VVS_202314"|"45000000"|"MORA"
"VVS_202399"|"07580000"|"BEULCO"
"VVS_202564"|"73148000"|"TRIO PERFEKTA"
"VVS_202334"|"73148000"|"TRIO PERFEKTA"
"VVS_202354"|"51360300"|"ORAS"
"VVS_202422"|"43480000"|"FMM"
"VVS_202538"|"45000000"|"MORA"
"VVS_202520"|"43480000"|"FMM"
"VVS_202495"|"43480000"|"FMM"
"VVS_202465"|"45000000"|"MORA"
"VVS_202566"|"73148000"|"TRIO PERFEKTA"
"VVS_202401"|"07580000"|"BEULCO"
"VVS_202622"|"43480000"|"FMM"
"VVS_202447"|"51360300"|"ORAS"
"VVS_202356"|"51360300"|"ORAS"
"VVS_202522"|"43480000"|"FMM"
"VVS_202542"|"25242000"|"GUSTAVSBERG/VÅRGÅRDA"
"VVS_202424"|"43480000"|"FMM"
"VVS_202468"|"19400000"|"FALUPLAST"
"VVS_202403"|"45000000"|"MORA"
"VVS_202568"|"60580000"|"PURUS"
"VVS_202501"|"36635000"|"KOPE MONTAGE"
"VVS_202624"|"43480000"|"FMM"
"VVS_202524"|"43480000"|"FMM"
"VVS_202426"|"43480000"|"FMM"
"VVS_202654"|"45000000"|"MORA"
"VVS_202449"|"51360300"|"ORAS"
"VVS_202405"|"73148000"|"TRIO PERFEKTA"
"VVS_202570"|"60580000"|"PURUS"
"VVS_202472"|"19400000"|"FALUPLAST"
"VVS_202677"|"43480000"|"FMM"
"VVS_202626"|"43480000"|"FMM"
"VVS_202526"|"43480000"|"FMM"
"VVS_202546"|"25242000"|"GUSTAVSBERG/VÅRGÅRDA"
"VVS_202656"|"25242000"|"GUSTAVSBERG/VÅRGÅRDA"
"VVS_202428"|"43480000"|"FMM"
"VVS_202451"|"51360300"|"ORAS"
"VVS_202476"|"19400000"|"FALUPLAST"
"VVS_202572"|"60580000"|"PURUS"
"VVS_202699"|"43480000"|"FMM"
"VVS_202679"|"43480000"|"FMM"
"VVS_202508"|"43480000"|"FMM"
"VVS_202628"|"43480000"|"FMM"
"VVS_202528"|"43480000"|"FMM"
"VVS_202548"|"51360300"|"ORAS"
"VVS_202659"|"60580000"|"PURUS"
"VVS_202722"|"43480000"|"FMM"
"VVS_202453"|"73148000"|"TRIO PERFEKTA"
"VVS_202510"|"43480000"|"FMM"
"VVS_202681"|"43480000"|"FMM"
"VVS_202701"|"43480000"|"FMM"
"VVS_202607"|"10062000"|"BROEN"
"VVS_202630"|"43480000"|"FMM"
"VVS_202530"|"45000000"|"MORA"
"VVS_202556"|"73148000"|"TRIO PERFEKTA"
"VVS_202724"|"43480000"|"FMM"
"VVS_202753"|"25242000"|"GUSTAVSBERG/VÅRGÅRDA"
"VVS_202683"|"43480000"|"FMM"
"VVS_202780"|"45000000"|"MORA"
"VVS_202804"|"45000000"|"MORA"
"VVS_202703"|"43480000"|"FMM"
"VVS_202632"|"72890500"|"TREBEMA"
"VVS_202611"|"07580000"|"BEULCO"
"VVS_202532"|"45000000"|"MORA"
"VVS_202664"|"73148000"|"TRIO PERFEKTA"
"VVS_202726"|"43480000"|"FMM"
"VVS_202755"|"51360300"|"ORAS"
"VVS_202588"|"19040000"|"EZZE"
"VVS_202705"|"43480000"|"FMM"
"VVS_202782"|"45000000"|"MORA"
"VVS_202685"|"43480000"|"FMM"
"VVS_202806"|"45000000"|"MORA"
"VVS_202634"|"43480000"|"FMM"
"VVS_202667"|"43480000"|"FMM"
"VVS_202613"|"07580000"|"BEULCO"
"VVS_202829"|"25242000"|"GUSTAVSBERG/VÅRGÅRDA"
"VVS_202728"|"43480000"|"FMM"
"VVS_202758"|"72890500"|"TREBEMA"
"VVS_202687"|"43480000"|"FMM"
"VVS_202707"|"43480000"|"FMM"
"VVS_202784"|"45000000"|"MORA"
"VVS_202808"|"45000000"|"MORA"
"VVS_202636"|"14652000"|"DEMERX"
"VVS_202669"|"43480000"|"FMM"
"VVS_202562"|"73148000"|"TRIO PERFEKTA"
"VVS_202831"|"25242000"|"GUSTAVSBERG/VÅRGÅRDA"
"VVS_202730"|"43480000"|"FMM"
"VVS_202689"|"43480000"|"FMM"
"VVS_202786"|"45000000"|"MORA"
"VVS_202762"|"43480000"|"FMM"
"VVS_202709"|"43480000"|"FMM"
"VVS_202810"|"45000000"|"MORA"
"VVS_202671"|"43480000"|"FMM"
"VVS_202833"|"25242000"|"GUSTAVSBERG/VÅRGÅRDA"
"VVS_202865"|"73148000"|"TRIO PERFEKTA"
"VVS_202734"|"45000000"|"MORA"
"VVS_202915"|"04840600"|"ARROW SKANDINAVIEN"
"VVS_202693"|"43480000"|"FMM"
"VVS_202790"|"45000000"|"MORA"
"VVS_202711"|"43480000"|"FMM"
"VVS_202764"|"45000000"|"MORA"
"VVS_202812"|"45000000"|"MORA"
"VVS_202652"|"72890500"|"TREBEMA"
"VVS_202673"|"43480000"|"FMM"
"VVS_202835"|"25242000"|"GUSTAVSBERG/VÅRGÅRDA"
"VVS_202620"|"43480000"|"FMM"
"VVS_202867"|"73148000"|"TRIO PERFEKTA"
"VVS_202736"|"43480000"|"FMM"
"VVS_202918"|"04840600"|"ARROW SKANDINAVIEN"
"VVS_202695"|"43480000"|"FMM"
"VVS_202792"|"45000000"|"MORA"
"VVS_202713"|"43480000"|"FMM"
"VVS_202766"|"51360300"|"ORAS"
"VVS_202814"|"45000000"|"MORA"
"VVS_202937"|"62578500"|"SMEDBO"
"VVS_202675"|"43480000"|"FMM"
"VVS_202839"|"25242000"|"GUSTAVSBERG/VÅRGÅRDA"
"VVS_202738"|"45000000"|"MORA"
"VVS_202869"|"73148000"|"TRIO PERFEKTA"
"VVS_202960"|"1463645686881"|"ALTERNA"
"VVS_202715"|"43480000"|"FMM"
"VVS_202795"|"45000000"|"MORA"
"VVS_202697"|"43480000"|"FMM"
"VVS_202768"|"75400100"|"ULEFOS"
"VVS_202939"|"62578500"|"SMEDBO"
"VVS_202816"|"45000000"|"MORA"
"VVS_202843"|"25242000"|"GUSTAVSBERG/VÅRGÅRDA"
"VVS_202742"|"51360300"|"ORAS"
"VVS_202873"|"73148000"|"TRIO PERFEKTA"
"VVS_202717"|"43480000"|"FMM"
"VVS_202797"|"45000000"|"MORA"
"VVS_202941"|"58622000"|"VICTORSSON INDUSTIER"
"VVS_202845"|"25242000"|"GUSTAVSBERG/VÅRGÅRDA"
"VVS_202998"|"30760200"|"IFÖ"
"VVS_202744"|"73148000"|"TRIO PERFEKTA"
"VVS_202878"|"62578500"|"SMEDBO"
"VVS_202800"|"45000000"|"MORA"
"VVS_202773"|"51360300"|"ORAS"
"VVS_202943"|"58622000"|"VICTORSSON INDUSTIER"
"VVS_202857"|"19040000"|"EZZE"
"VVS_202823"|"25242000"|"GUSTAVSBERG/VÅRGÅRDA"
"VVS_202881"|"1463645686881"|"ALTERNA"
"VVS_203083"|"30760200"|"IFÖ"
"VVS_202927"|"62578500"|"SMEDBO"
"VVS_202967"|"25241500"|"GUSTAVSBERG"
"VVS_202802"|"45000000"|"MORA"
"VVS_203031"|"30760200"|"IFÖ"
"VVS_202778"|"45000000"|"MORA"
"VVS_202826"|"25242000"|"GUSTAVSBERG/VÅRGÅRDA"
"VVS_202901"|"1463645686881"|"ALTERNA"
"VVS_203085"|"30760200"|"IFÖ"
"VVS_202929"|"62578500"|"SMEDBO"
"VVS_202969"|"25241500"|"GUSTAVSBERG"
"VVS_203142"|"19705000"|"FAGERSTA HYGIEN "
"VVS_203192"|"43480000"|"FMM"
"VVS_202863"|"73148000"|"TRIO PERFEKTA"
"VVS_202931"|"62578500"|"SMEDBO"
"VVS_203155"|"30720010"|"IDO"
"VVS_203006"|"30760200"|"IFÖ"
"VVS_203194"|"43480000"|"FMM"
"VVS_203255"|"1463645686881"|"ALTERNA"
"VVS_202909"|"31950000"|"HABO"
"VVS_203089"|"30760200"|"IFÖ"
"VVS_202933"|"62578500"|"SMEDBO"
"VVS_203157"|"30720010"|"IDO"
"VVS_202953"|"45000000"|"MORA"
"VVS_203196"|"43480000"|"FMM"
"VVS_202911"|"31950000"|"HABO"
"VVS_203069"|"30760200"|"IFÖ"
"VVS_202935"|"62578500"|"SMEDBO"
"VVS_203039"|"30760200"|"IFÖ"
"VVS_203093"|"30760200"|"IFÖ"
"VVS_202981"|"25241500"|"GUSTAVSBERG"
"VVS_202956"|"1463645686881"|"ALTERNA"
"VVS_203259"|"1463645686881"|"ALTERNA"
"VVS_203278"|"52260000"|"PAX ELECTRO PRODUCTS"
"VVS_203095"|"30760200"|"IFÖ"
"VVS_203300"|"07580000"|"BEULCO"
"VVS_202958"|"1463645686881"|"ALTERNA"
"VVS_203280"|"52260000"|"PAX ELECTRO PRODUCTS"
"VVS_203182"|"43480000"|"FMM"
"VVS_203136"|"19705000"|"FAGERSTA HYGIEN "
"VVS_203282"|"52260000"|"PAX ELECTRO PRODUCTS"
"VVS_203079"|"30760200"|"IFÖ"
"VVS_203184"|"43480000"|"FMM"
"VVS_203327"|"52260000"|"PAX ELECTRO PRODUCTS"
"VVS_203347"|"52260000"|"PAX ELECTRO PRODUCTS"
"VVS_203138"|"19705000"|"FAGERSTA HYGIEN "
"VVS_203186"|"43480000"|"FMM"
"VVS_203329"|"52260000"|"PAX ELECTRO PRODUCTS"
"VVS_203140"|"19705000"|"FAGERSTA HYGIEN "
"VVS_207391"|"66010500"|"SVEDBERGS"
"VVS_203188"|"43480000"|"FMM"
"VVS_203312"|"52260000"|"PAX ELECTRO PRODUCTS"
"VVS_205335"|"1463645686881"|"ALTERNA"
"VVS_207952"|"52260000"|"PAX ELECTRO PRODUCTS"
"VVS_207392"|"66010500"|"SVEDBERGS"
"VVS_203314"|"52260000"|"PAX ELECTRO PRODUCTS"
"VVS_203292"|"52260000"|"PAX ELECTRO PRODUCTS"
"VVS_203271"|"43120000"|"MMA"
"VVS_207936"|"52260000"|"PAX ELECTRO PRODUCTS"
"VVS_208121"|"19705000"|"FAGERSTA HYGIEN "
"VVS_203293"|"52260000"|"PAX ELECTRO PRODUCTS"
"VVS_208028"|"1463645686881"|"ALTERNA"
"VVS_207940"|"52260000"|"PAX ELECTRO PRODUCTS"
"VVS_203339"|"52260000"|"PAX ELECTRO PRODUCTS"
"VVS_208287"|"25242000"|"GUSTAVSBERG/VÅRGÅRDA"
"VVS_208125"|"19705000"|"FAGERSTA HYGIEN "
"VVS_208103"|"19705000"|"FAGERSTA HYGIEN "
"VVS_208030"|"1463645686881"|"ALTERNA"
"VVS_207942"|"52260000"|"PAX ELECTRO PRODUCTS"
"VVS_203343"|"52260000"|"PAX ELECTRO PRODUCTS"
"VVS_208105"|"19705000"|"FAGERSTA HYGIEN "
"VVS_207293"|"31950000"|"HABO"
"VVS_208127"|"19705000"|"FAGERSTA HYGIEN "
"VVS_208032"|"1463645686881"|"ALTERNA"
"VVS_207387"|"66010500"|"SVEDBERGS"
"VVS_207944"|"52260000"|"PAX ELECTRO PRODUCTS"
"VVS_207295"|"31950000"|"HABO"
"VVS_208107"|"19705000"|"FAGERSTA HYGIEN "
"VVS_208311"|"25241500"|"GUSTAVSBERG"
"VVS_207388"|"66010500"|"SVEDBERGS"
"VVS_208040"|"1463645686881"|"ALTERNA"
"VVS_207946"|"52260000"|"PAX ELECTRO PRODUCTS"
"VVS_208109"|"19705000"|"FAGERSTA HYGIEN "
"VVS_207389"|"66010500"|"SVEDBERGS"
"VVS_207950"|"52260000"|"PAX ELECTRO PRODUCTS"
"VVS_211293"|"60580000"|"PURUS"
"VVS_211515"|"1463645686881"|"ALTERNA"
"VVS_211517"|"1463645686881"|"ALTERNA"
"VVS_211519"|"1463645686881"|"ALTERNA"
"VVS_211521"|"1463645686881"|"ALTERNA"
"VVS_211607"|"45000000"|"MORA"
"VVS_211523"|"1463645686881"|"ALTERNA"
"VVS_211609"|"43480000"|"FMM"
"VVS_211633"|"43480000"|"FMM"
"VVS_211656"|"45000000"|"MORA"
"VVS_211525"|"1463645686881"|"ALTERNA"
"VVS_211679"|"43480000"|"FMM"
"VVS_211611"|"51360300"|"ORAS"
"VVS_211635"|"41520000"|"ELLESS WATER SAVING SYSTEM"
"VVS_211658"|"45000000"|"MORA"
"VVS_211717"|"43480000"|"FMM"
"VVS_211413"|"1463645686881"|"ALTERNA"
"VVS_211637"|"24597000"|"HANSGROHE"
"VVS_211662"|"25242000"|"GUSTAVSBERG/VÅRGÅRDA"
"VVS_211691"|"43480000"|"FMM"
"VVS_211617"|"43480000"|"FMM"
"VVS_211721"|"43480000"|"FMM"
"VVS_211511"|"1463645686881"|"ALTERNA"
"VVS_211419"|"1463645686881"|"ALTERNA"
"VVS_211639"|"24597000"|"HANSGROHE"
"VVS_211695"|"43480000"|"FMM"
"VVS_211619"|"43480000"|"FMM"
"VVS_211723"|"43480000"|"FMM"
"VVS_211641"|"24597000"|"HANSGROHE"
"VVS_211697"|"43480000"|"FMM"
"VVS_211513"|"1463645686881"|"ALTERNA"
"VVS_211666"|"04840600"|"ARROW SKANDINAVIEN"
"VVS_211928"|"45000000"|"MORA"
"VVS_211621"|"43480000"|"FMM"
"VVS_211725"|"45000000"|"MORA"
"VVS_211643"|"45000000"|"MORA"
"VVS_211699"|"43480000"|"FMM"
"VVS_211668"|"24600500"|"GROHE SVERIGE"
"VVS_211623"|"43480000"|"FMM"
"VVS_211976"|"45000000"|"MORA"
"VVS_212005"|"25242000"|"GUSTAVSBERG/VÅRGÅRDA"
"VVS_211930"|"45000000"|"MORA"
"VVS_211727"|"45000000"|"MORA"
"VVS_211598"|"43480000"|"FMM"
"VVS_211701"|"43480000"|"FMM"
"VVS_211645"|"45000000"|"MORA"
"VVS_211980"|"45000000"|"MORA"
"VVS_211670"|"24600500"|"GROHE SVERIGE"
"VVS_211627"|"43480000"|"FMM"
"VVS_212007"|"25242000"|"GUSTAVSBERG/VÅRGÅRDA"
"VVS_211934"|"45000000"|"MORA"
"VVS_211729"|"45000000"|"MORA"
"VVS_211600"|"43480000"|"FMM"
"VVS_211707"|"43480000"|"FMM"
"VVS_211631"|"43480000"|"FMM"
"VVS_211647"|"45000000"|"MORA"
"VVS_211982"|"45000000"|"MORA"
"VVS_212011"|"51360300"|"ORAS"
"VVS_211673"|"43480000"|"FMM"
"VVS_211731"|"43120000"|"MMA"
"VVS_212035"|"45000000"|"MORA"
"VVS_211602"|"43480000"|"FMM"
"VVS_211649"|"45000000"|"MORA"
"VVS_211709"|"43480000"|"FMM"
"VVS_212015"|"51360300"|"ORAS"
"VVS_211984"|"45000000"|"MORA"
"VVS_212079"|"43480000"|"FMM"
"VVS_211675"|"43480000"|"FMM"
"VVS_212037"|"45000000"|"MORA"
"VVS_212099"|"45000000"|"MORA"
"VVS_211713"|"43480000"|"FMM"
"VVS_212017"|"51360300"|"ORAS"
"VVS_211989"|"45000000"|"MORA"
"VVS_211651"|"45000000"|"MORA"
"VVS_212081"|"43480000"|"FMM"
"VVS_211940"|"45000000"|"MORA"
"VVS_212049"|"73148000"|"TRIO PERFEKTA"
"VVS_212101"|"41520000"|"ELLESS WATER SAVING SYSTEM"
"VVS_212021"|"51360300"|"ORAS"
"VVS_211991"|"45000000"|"MORA"
"VVS_212083"|"43480000"|"FMM"
"VVS_211948"|"45000000"|"MORA"
"VVS_212060"|"25242000"|"GUSTAVSBERG/VÅRGÅRDA"
"VVS_212103"|"41520000"|"ELLESS WATER SAVING SYSTEM"
"VVS_211808"|"04840600"|"ARROW SKANDINAVIEN"
"VVS_212023"|"58580500"|"CAPSEAL"
"VVS_211993"|"45000000"|"MORA"
"VVS_212085"|"43480000"|"FMM"
"VVS_211950"|"45000000"|"MORA"
"VVS_212155"|"43480000"|"FMM"
"VVS_212105"|"45000000"|"MORA"
"VVS_211811"|"04840600"|"ARROW SKANDINAVIEN"
"VVS_212087"|"73148000"|"TRIO PERFEKTA"
"VVS_212025"|"43480000"|"FMM"
"VVS_211960"|"45000000"|"MORA"
"VVS_212157"|"43480000"|"FMM"
"VVS_212064"|"25242000"|"GUSTAVSBERG/VÅRGÅRDA"
"VVS_212029"|"25242000"|"GUSTAVSBERG/VÅRGÅRDA"
"VVS_212113"|"43480000"|"FMM"
"VVS_211970"|"45000000"|"MORA"
"VVS_212001"|"25242000"|"GUSTAVSBERG/VÅRGÅRDA"
"VVS_212089"|"45000000"|"MORA"
"VVS_212066"|"51360300"|"ORAS"
"VVS_212031"|"25242000"|"GUSTAVSBERG/VÅRGÅRDA"
"VVS_212091"|"45000000"|"MORA"
"VVS_212266"|"36970100"|"KRUSMAN NÖDDUSCHAR"
"VVS_212003"|"25242000"|"GUSTAVSBERG/VÅRGÅRDA"
"VVS_212071"|"43480000"|"FMM"
"VVS_212269"|"36970100"|"KRUSMAN NÖDDUSCHAR"
"VVS_212165"|"51360300"|"ORAS"
"VVS_212093"|"45000000"|"MORA"
"VVS_212173"|"24597000"|"HANSGROHE"
"VVS_212077"|"43480000"|"FMM"
"VVS_212272"|"36970100"|"KRUSMAN NÖDDUSCHAR"
"VVS_212095"|"73148000"|"TRIO PERFEKTA"
"VVS_212304"|"73148000"|"TRIO PERFEKTA"
"VVS_212275"|"36970100"|"KRUSMAN NÖDDUSCHAR"
"VVS_212097"|"73148000"|"TRIO PERFEKTA"
"VVS_212306"|"73148000"|"TRIO PERFEKTA"
"VVS_212278"|"36970100"|"KRUSMAN NÖDDUSCHAR"
"VVS_212281"|"36970100"|"KRUSMAN NÖDDUSCHAR"
"VVS_212284"|"36970100"|"KRUSMAN NÖDDUSCHAR"
"VVS_212287"|"36970100"|"KRUSMAN NÖDDUSCHAR"
"VVS_212292"|"36970100"|"KRUSMAN NÖDDUSCHAR"
"VVS_212915"|"45000000"|"MORA"
"VVS_212991"|"66010500"|"SVEDBERGS"
"VVS_212998"|"52260000"|"PAX ELECTRO PRODUCTS"
"VVS_213000"|"52260000"|"PAX ELECTRO PRODUCTS"
"VVS_212978"|"66010500"|"SVEDBERGS"
"VVS_212984"|"66010500"|"SVEDBERGS"
"VVS_212987"|"66010500"|"SVEDBERGS"
"VVS_44134"|"31950000"|"HABO"
"VVS_74515"|"31950000"|"HABO"
"VVS_80931"|"31950000"|"HABO"
"VVS_1463556274567"|"07580000"|"BEULCO"
"VVS_1463556274568"|"07580000"|"BEULCO"
"VVS_1463556274569"|"07580000"|"BEULCO"
"VVS_1463556274570"|"07580000"|"BEULCO"
"1489565928734"|"1463645686881"|"ALTERNA"
